feature,type,dim,len
sex,Int,3,1
age,Int,7,1
model_size,Int,9,1
model_price,Int,8,1
model_publish_time,Int,8,1
model_series,Int,8,1
model_label1,Int,71,1
model_label2,Int,201,1
color_label1,Int,12,1
color_label2,Int,101,1
game_pay,Int,5,1
browser_active_level,Int,5,1
app_store_active_level,Int,5,1
game_center_active_level,Int,5,1
sim1,Int,5,1
sim2,Int,5,1
user_tencent_app_cluster_label,Int,81,1
res_region,Int,8,1
res_prvn_capital,Int,4,1
res_city_grade,Int,7,1
res_prvn,Int,36,1
res_city,Int,403,1
ads_id_hash,Int,2048,1
plan_id_hash,Int,1024,1
advertiser_id_hash,Int,512,1
pkg_hash,Int,1010,1
landing_site_host_hash,Int,1009,1
ad_category,Int,18,1
display_type,Int,2,1
ad_type,Int,2,1
adver_industry,Int,38,1
adver_sec_industry,Int,271,1
display_mode,Int,7,1
dimensions,Int,3,1
is_wechat,Int,3,1
ads_firsttypeid,Int,39,1
ads_sectypeid,Int,195,1
app_type,Int,19,1
app_sectypeid,Int,195,1
game_type,Int,9,1
game_sectypeid,Int,42,1
official,Int,3,1
app_category,Int,4,1
tencent_app_cluster_label,Int,81,1
pst,Int,10,1
nt,Int,2,1
hour_encode,Int,24,1
hour_scope,Int,7,1
is_holiday,Int,2,1
browser_hash,Int,21,1
request_region,Int,8,1
request_is_capital,Int,3,1
request_city_level,Int,7,1
request_province,Int,36,1
request_city,Int,377,1
adid_5minute_c_times,Double,1,1
plan_id_5minute_c_times,Double,1,1
pkg_5minute_c_times,Double,1,1
langding_site_5minute_c_times,Double,1,1
category_5minute_c_times,Double,1,1
adid_1hour_c_times,Double,1,1
plan_id_1hour_c_times,Double,1,1
pkg_1hour_c_times,Double,1,1
langding_site_1hour_c_times,Double,1,1
category_1hour_c_times,Double,1,1
adid_12hour_c_times,Double,1,1
plan_id_12hour_c_times,Double,1,1
pkg_12hour_c_times,Double,1,1
langding_site_12hour_c_times,Double,1,1
category_12hour_c_times,Double,1,1
adid_48hour_c_times,Double,1,1
plan_id_48hour_c_times,Double,1,1
pkg_48hour_c_times,Double,1,1
langding_site_48hour_c_times,Double,1,1
category_48hour_c_times,Double,1,1
adid_7day_c_times,Double,1,1
plan_id_7day_c_times,Double,1,1
pkg_7day_c_times,Double,1,1
langding_site_7day_c_times,Double,1,1
adid_14day_c_times,Double,1,1
plan_id_14day_c_times,Double,1,1
pkg_14day_c_times,Double,1,1
langding_site_14day_c_times,Double,1,1
adid_30day_c_times,Double,1,1
adid_5minute_s_times,Double,1,1
plan_id_5minute_s_times,Double,1,1
pkg_5minute_s_times,Double,1,1
langding_site_5minute_s_times,Double,1,1
category_5minute_s_times,Double,1,1
adid_1hour_s_times,Double,1,1
plan_id_1hour_s_times,Double,1,1
pkg_1hour_s_times,Double,1,1
langding_site_1hour_s_times,Double,1,1
category_1hour_s_times,Double,1,1
adid_12hour_s_times,Double,1,1
plan_id_12hour_s_times,Double,1,1
pkg_12hour_s_times,Double,1,1
langding_site_12hour_s_times,Double,1,1
category_12hour_s_times,Double,1,1
adid_48hour_s_times,Double,1,1
plan_id_48hour_s_times,Double,1,1
pkg_48hour_s_times,Double,1,1
langding_site_48hour_s_times,Double,1,1
category_48hour_s_times,Double,1,1
adid_7day_s_times,Double,1,1
plan_id_7day_s_times,Double,1,1
pkg_7day_s_times,Double,1,1
langding_site_7day_s_times,Double,1,1
adid_14day_s_times,Double,1,1
plan_id_14day_s_times,Double,1,1
pkg_14day_s_times,Double,1,1
langding_site_14day_s_times,Double,1,1
adid_30day_s_times,Double,1,1
adid_5minute_detail_c_times,Double,1,1
plan_id_5minute_detail_c_times,Double,1,1
pkg_5minute_detail_c_times,Double,1,1
langding_site_5minute_detail_c_times,Double,1,1
category_5minute_detail_c_times,Double,1,1
adid_1hour_detail_c_times,Double,1,1
plan_id_1hour_detail_c_times,Double,1,1
pkg_1hour_detail_c_times,Double,1,1
langding_site_1hour_detail_c_times,Double,1,1
category_1hour_detail_c_times,Double,1,1
adid_12hour_detail_c_times,Double,1,1
plan_id_12hour_detail_c_times,Double,1,1
pkg_12hour_detail_c_times,Double,1,1
langding_site_12hour_detail_c_times,Double,1,1
category_12hour_detail_c_times,Double,1,1
adid_48hour_detail_c_times,Double,1,1
plan_id_48hour_detail_c_times,Double,1,1
pkg_48hour_detail_c_times,Double,1,1
langding_site_48hour_detail_c_times,Double,1,1
category_48hour_detail_c_times,Double,1,1
adid_5minute_detail_s_times,Double,1,1
plan_id_5minute_detail_s_times,Double,1,1
pkg_5minute_detail_s_times,Double,1,1
langding_site_5minute_detail_s_times,Double,1,1
category_5minute_detail_s_times,Double,1,1
adid_1hour_detail_s_times,Double,1,1
plan_id_1hour_detail_s_times,Double,1,1
pkg_1hour_detail_s_times,Double,1,1
langding_site_1hour_detail_s_times,Double,1,1
category_1hour_detail_s_times,Double,1,1
adid_12hour_detail_s_times,Double,1,1
plan_id_12hour_detail_s_times,Double,1,1
pkg_12hour_detail_s_times,Double,1,1
langding_site_12hour_detail_s_times,Double,1,1
category_12hour_detail_s_times,Double,1,1
adid_48hour_detail_s_times,Double,1,1
plan_id_48hour_detail_s_times,Double,1,1
pkg_48hour_detail_s_times,Double,1,1
langding_site_48hour_detail_s_times,Double,1,1
category_48hour_detail_s_times,Double,1,1
adid_5minute_alliance_c_times,Double,1,1
plan_id_5minute_alliance_c_times,Double,1,1
pkg_5minute_alliance_c_times,Double,1,1
langding_site_5minute_alliance_c_times,Double,1,1
category_5minute_alliance_c_times,Double,1,1
adid_1hour_alliance_c_times,Double,1,1
plan_id_1hour_alliance_c_times,Double,1,1
pkg_1hour_alliance_c_times,Double,1,1
langding_site_1hour_alliance_c_times,Double,1,1
category_1hour_alliance_c_times,Double,1,1
adid_12hour_alliance_c_times,Double,1,1
plan_id_12hour_alliance_c_times,Double,1,1
pkg_12hour_alliance_c_times,Double,1,1
langding_site_12hour_alliance_c_times,Double,1,1
category_12hour_alliance_c_times,Double,1,1
adid_48hour_alliance_c_times,Double,1,1
plan_id_48hour_alliance_c_times,Double,1,1
pkg_48hour_alliance_c_times,Double,1,1
langding_site_48hour_alliance_c_times,Double,1,1
category_48hour_alliance_c_times,Double,1,1
adid_5minute_alliance_s_times,Double,1,1
plan_id_5minute_alliance_s_times,Double,1,1
pkg_5minute_alliance_s_times,Double,1,1
langding_site_5minute_alliance_s_times,Double,1,1
category_5minute_alliance_s_times,Double,1,1
adid_1hour_alliance_s_times,Double,1,1
plan_id_1hour_alliance_s_times,Double,1,1
pkg_1hour_alliance_s_times,Double,1,1
langding_site_1hour_alliance_s_times,Double,1,1
category_1hour_alliance_s_times,Double,1,1
adid_12hour_alliance_s_times,Double,1,1
plan_id_12hour_alliance_s_times,Double,1,1
pkg_12hour_alliance_s_times,Double,1,1
langding_site_12hour_alliance_s_times,Double,1,1
category_12hour_alliance_s_times,Double,1,1
adid_48hour_alliance_s_times,Double,1,1
plan_id_48hour_alliance_s_times,Double,1,1
pkg_48hour_alliance_s_times,Double,1,1
langding_site_48hour_alliance_s_times,Double,1,1
category_48hour_alliance_s_times,Double,1,1
total_r_c_times,Double,1,1
total_r_s_times,Double,1,1
cos_bnttt1,Double,1,1
cos_bntptt1,Double,1,1
cos_bntpdt1,Double,1,1
cos_bsttt2,Double,1,1
cos_bstptt2,Double,1,1
cos_bstpdt2,Double,1,1
cos_bnktk,Double,1,1
cos_bnkpnk,Double,1,1
cos_bnkptk,Double,1,1
cos_bnkpdk,Double,1,1
cos_bsktk,Double,1,1
cos_bskpnk,Double,1,1
cos_bskptk,Double,1,1
cos_bskpdk,Double,1,1
cos_asktk,Double,1,1
cos_askpnk,Double,1,1
cos_askptk,Double,1,1
cos_askpdk,Double,1,1
cos_ruwv_tk,Double,1,1
cos_ruwv_pnk,Double,1,1
cos_ruwv_ptk,Double,1,1
cos_ruwv_pdk,Double,1,1
cos_usnwv_tk,Double,1,1
cos_usnwv_pnk,Double,1,1
cos_usnwv_ptk,Double,1,1
cos_usnwv_pdk,Double,1,1
cos_rut_t_lda,Double,1,1
cos_ulnt_t_lda,Double,1,1
cos_usnt_t_lda,Double,1,1
cos_ltnt_t_lda_wv,Double,1,1
cos_stnt_t_lda_wv,Double,1,1
cos_ltnt_wv_tk,Double,1,1
cos_stnt_wv_tk,Double,1,1
ctr_adid,Double,1,1
sex_ctr_adid,Double,1,1
age_ctr_adid,Double,1,1
loc_ctr_adid,Double,1,1
model_ctr_adid,Double,1,1
nt_ctr_adid,Double,1,1
time_ctr_adid,Double,1,1
ctr_plan_id,Double,1,1
sex_ctr_plan_id,Double,1,1
age_ctr_plan_id,Double,1,1
loc_ctr_plan_id,Double,1,1
model_ctr_plan_id,Double,1,1
nt_ctr_plan_id,Double,1,1
time_ctr_plan_id,Double,1,1
ctr_c_level1,Double,1,1
sex_ctr_c_level1,Double,1,1
age_ctr_c_level1,Double,1,1
loc_ctr_level1,Double,1,1
model_ctr_level1,Double,1,1
nt_ctr_c_level1,Double,1,1
time_ctr_c_level1,Double,1,1
ctr_c_level2,Double,1,1
sex_ctr_c_level2,Double,1,1
age_ctr_c_level2,Double,1,1
loc_ctr_level2,Double,1,1
model_ctr_level2,Double,1,1
nt_ctr_c_level2,Double,1,1
time_ctr_c_level2,Double,1,1
ctr_category,Double,1,1
sex_ctr_category,Double,1,1
age_ctr_category,Double,1,1
loc_ctr_category,Double,1,1
model_ctr_category,Double,1,1
nt_ctr_category,Double,1,1
time_ctr_category,Double,1,1
ctr_ad_type,Double,1,1
sex_ctr_ad_type,Double,1,1
age_ctr_ad_type,Double,1,1
loc_ctr_ad_type,Double,1,1
model_ctr_ad_type,Double,1,1
nt_ctr_ad_type,Double,1,1
time_ctr_ad_type,Double,1,1
ctr_pkg,Double,1,1
sex_ctr_pkg,Double,1,1
age_ctr_pkg,Double,1,1
loc_ctr_pkg,Double,1,1
model_ctr_pkg,Double,1,1
nt_ctr_pkg,Double,1,1
time_ctr_pkg,Double,1,1
ctr_landing_site,Double,1,1
sex_ctr_landing_site,Double,1,1
age_ctr_landing_site,Double,1,1
loc_ctr_landing_site,Double,1,1
model_ctr_landing_site,Double,1,1
nt_ctr_landing_site,Double,1,1
time_ctr_landing_site,Double,1,1
ctr_app_level1,Double,1,1
sex_ctr_app_level1,Double,1,1
age_ctr_app_level1,Double,1,1
loc_ctr_app_level1,Double,1,1
model_ctr_app_level1,Double,1,1
nt_ctr_app_level1,Double,1,1
time_ctr_app_level1,Double,1,1
ctr_app_level2,Double,1,1
sex_ctr_app_level2,Double,1,1
age_ctr_app_level2,Double,1,1
loc_ctr_app_level2,Double,1,1
model_ctr_app_level2,Double,1,1
nt_ctr_app_level2,Double,1,1
time_ctr_app_level2,Double,1,1
ctr_game_level1,Double,1,1
sex_ctr_game_level1,Double,1,1
age_ctr_game_level1,Double,1,1
loc_ctr_game_level1,Double,1,1
model_ctr_game_level1,Double,1,1
nt_ctr_game_level1,Double,1,1
time_ctr_game_level1,Double,1,1
ctr_game_level2,Double,1,1
sex_ctr_game_level2,Double,1,1
age_ctr_game_level2,Double,1,1
loc_ctr_game_level2,Double,1,1
model_ctr_game_level2,Double,1,1
nt_ctr_game_level2,Double,1,1
time_ctr_game_level2,Double,1,1
user_app_rec,Double,1,1
interval_with_last,Double,1,1
user_visit_video_times,Double,1,1
user_basic_continued,Double,1,243
user_news_stat_info,Double,1,10
user_real_news_category,Double,1,20
user_real_news_subcategory,Double,1,136
user_long_news_category,Double,1,20
user_long_news_subcategory,Double,1,136
user_short_news_category,Double,1,20
user_short_news_subcategory,Double,1,136
user_query_intention,Double,1,16
user_app_install_sim,Double,1,4
user_app_down_sim,Double,1,16
app_basic_continued,Double,1,6
ads_image_pca32,Double,1,32
ad_sex_cover_rate,Double,1,2
ad_age_cover_rate,Double,1,6
ad_region_cover_rate,Double,1,7
ad_prvn_cover_rate,Double,1,34
ad_city_grade_cover_rate,Double,1,6
ad_sex_dur,Double,1,2
ad_age_dur,Double,1,6
ad_region_dur,Double,1,7
ad_prvn_dur,Double,1,34
ad_city_grade_dur,Double,1,6
ad_time_dur,Double,1,24
user_browser_news_keyword,Double,1,300
ad_text_title_keyword,Double,1,300
user_app_loan,Double,1,3
click_adid_size,Int,1,1
click_adid_hash,Int,65535,30
ads_id_new_hash,Int,65535,1
ad_explode_time,Double,1,1
