feature,type,dim,len
adid_5minute_c_times,Double,1,1
plan_id_5minute_c_times,Double,1,1
pkg_5minute_c_times,Double,1,1
langding_site_5minute_c_times,Double,1,1
category_5minute_c_times,Double,1,1
adid_1hour_c_times,Double,1,1
plan_id_1hour_c_times,Double,1,1
pkg_1hour_c_times,Double,1,1
langding_site_1hour_c_times,Double,1,1
category_1hour_c_times,Double,1,1
adid_12hour_c_times,Double,1,1
plan_id_12hour_c_times,Double,1,1
pkg_12hour_c_times,Double,1,1
langding_site_12hour_c_times,Double,1,1
category_12hour_c_times,Double,1,1
adid_48hour_c_times,Double,1,1
plan_id_48hour_c_times,Double,1,1
pkg_48hour_c_times,Double,1,1
langding_site_48hour_c_times,Double,1,1
category_48hour_c_times,Double,1,1
adid_7day_c_times,Double,1,1
plan_id_7day_c_times,Double,1,1
pkg_7day_c_times,Double,1,1
langding_site_7day_c_times,Double,1,1
adid_14day_c_times,Double,1,1
plan_id_14day_c_times,Double,1,1
pkg_14day_c_times,Double,1,1
langding_site_14day_c_times,Double,1,1
adid_30day_c_times,Double,1,1
adid_5minute_s_times,Double,1,1
plan_id_5minute_s_times,Double,1,1
pkg_5minute_s_times,Double,1,1
langding_site_5minute_s_times,Double,1,1
category_5minute_s_times,Double,1,1
adid_1hour_s_times,Double,1,1
plan_id_1hour_s_times,Double,1,1
pkg_1hour_s_times,Double,1,1
langding_site_1hour_s_times,Double,1,1
category_1hour_s_times,Double,1,1
adid_12hour_s_times,Double,1,1
plan_id_12hour_s_times,Double,1,1
pkg_12hour_s_times,Double,1,1
langding_site_12hour_s_times,Double,1,1
category_12hour_s_times,Double,1,1
adid_48hour_s_times,Double,1,1
plan_id_48hour_s_times,Double,1,1
pkg_48hour_s_times,Double,1,1
langding_site_48hour_s_times,Double,1,1
category_48hour_s_times,Double,1,1
adid_7day_s_times,Double,1,1
plan_id_7day_s_times,Double,1,1
pkg_7day_s_times,Double,1,1
langding_site_7day_s_times,Double,1,1
adid_14day_s_times,Double,1,1
plan_id_14day_s_times,Double,1,1
pkg_14day_s_times,Double,1,1
langding_site_14day_s_times,Double,1,1
adid_30day_s_times,Double,1,1
adid_5minute_detail_c_times,Double,1,1
plan_id_5minute_detail_c_times,Double,1,1
pkg_5minute_detail_c_times,Double,1,1
langding_site_5minute_detail_c_times,Double,1,1
category_5minute_detail_c_times,Double,1,1
adid_1hour_detail_c_times,Double,1,1
plan_id_1hour_detail_c_times,Double,1,1
pkg_1hour_detail_c_times,Double,1,1
langding_site_1hour_detail_c_times,Double,1,1
category_1hour_detail_c_times,Double,1,1
adid_12hour_detail_c_times,Double,1,1
plan_id_12hour_detail_c_times,Double,1,1
pkg_12hour_detail_c_times,Double,1,1
langding_site_12hour_detail_c_times,Double,1,1
category_12hour_detail_c_times,Double,1,1
adid_48hour_detail_c_times,Double,1,1
plan_id_48hour_detail_c_times,Double,1,1
pkg_48hour_detail_c_times,Double,1,1
langding_site_48hour_detail_c_times,Double,1,1
category_48hour_detail_c_times,Double,1,1
adid_5minute_detail_s_times,Double,1,1
plan_id_5minute_detail_s_times,Double,1,1
pkg_5minute_detail_s_times,Double,1,1
langding_site_5minute_detail_s_times,Double,1,1
category_5minute_detail_s_times,Double,1,1
adid_1hour_detail_s_times,Double,1,1
plan_id_1hour_detail_s_times,Double,1,1
pkg_1hour_detail_s_times,Double,1,1
langding_site_1hour_detail_s_times,Double,1,1
category_1hour_detail_s_times,Double,1,1
adid_12hour_detail_s_times,Double,1,1
plan_id_12hour_detail_s_times,Double,1,1
pkg_12hour_detail_s_times,Double,1,1
langding_site_12hour_detail_s_times,Double,1,1
category_12hour_detail_s_times,Double,1,1
adid_48hour_detail_s_times,Double,1,1
plan_id_48hour_detail_s_times,Double,1,1
pkg_48hour_detail_s_times,Double,1,1
langding_site_48hour_detail_s_times,Double,1,1
category_48hour_detail_s_times,Double,1,1
adid_5minute_alliance_c_times,Double,1,1
plan_id_5minute_alliance_c_times,Double,1,1
pkg_5minute_alliance_c_times,Double,1,1
langding_site_5minute_alliance_c_times,Double,1,1
category_5minute_alliance_c_times,Double,1,1
adid_1hour_alliance_c_times,Double,1,1
plan_id_1hour_alliance_c_times,Double,1,1
pkg_1hour_alliance_c_times,Double,1,1
langding_site_1hour_alliance_c_times,Double,1,1
category_1hour_alliance_c_times,Double,1,1
adid_12hour_alliance_c_times,Double,1,1
plan_id_12hour_alliance_c_times,Double,1,1
pkg_12hour_alliance_c_times,Double,1,1
langding_site_12hour_alliance_c_times,Double,1,1
category_12hour_alliance_c_times,Double,1,1
adid_48hour_alliance_c_times,Double,1,1
plan_id_48hour_alliance_c_times,Double,1,1
pkg_48hour_alliance_c_times,Double,1,1
langding_site_48hour_alliance_c_times,Double,1,1
category_48hour_alliance_c_times,Double,1,1
adid_5minute_alliance_s_times,Double,1,1
plan_id_5minute_alliance_s_times,Double,1,1
pkg_5minute_alliance_s_times,Double,1,1
langding_site_5minute_alliance_s_times,Double,1,1
category_5minute_alliance_s_times,Double,1,1
adid_1hour_alliance_s_times,Double,1,1
plan_id_1hour_alliance_s_times,Double,1,1
pkg_1hour_alliance_s_times,Double,1,1
langding_site_1hour_alliance_s_times,Double,1,1
category_1hour_alliance_s_times,Double,1,1
adid_12hour_alliance_s_times,Double,1,1
plan_id_12hour_alliance_s_times,Double,1,1
pkg_12hour_alliance_s_times,Double,1,1
langding_site_12hour_alliance_s_times,Double,1,1
category_12hour_alliance_s_times,Double,1,1
adid_48hour_alliance_s_times,Double,1,1
plan_id_48hour_alliance_s_times,Double,1,1
pkg_48hour_alliance_s_times,Double,1,1
langding_site_48hour_alliance_s_times,Double,1,1
category_48hour_alliance_s_times,Double,1,1
total_r_c_times,Double,1,1
total_r_s_times,Double,1,1
ctr_adid,Double,1,1
sex_ctr_adid,Double,1,1
age_ctr_adid,Double,1,1
loc_ctr_adid,Double,1,1
model_ctr_adid,Double,1,1
nt_ctr_adid,Double,1,1
time_ctr_adid,Double,1,1
ctr_plan_id,Double,1,1
sex_ctr_plan_id,Double,1,1
age_ctr_plan_id,Double,1,1
loc_ctr_plan_id,Double,1,1
model_ctr_plan_id,Double,1,1
nt_ctr_plan_id,Double,1,1
time_ctr_plan_id,Double,1,1
ctr_c_level1,Double,1,1
sex_ctr_c_level1,Double,1,1
age_ctr_c_level1,Double,1,1
loc_ctr_level1,Double,1,1
model_ctr_level1,Double,1,1
nt_ctr_c_level1,Double,1,1
time_ctr_c_level1,Double,1,1
ctr_c_level2,Double,1,1
sex_ctr_c_level2,Double,1,1
age_ctr_c_level2,Double,1,1
loc_ctr_level2,Double,1,1
model_ctr_level2,Double,1,1
nt_ctr_c_level2,Double,1,1
time_ctr_c_level2,Double,1,1
ctr_category,Double,1,1
sex_ctr_category,Double,1,1
age_ctr_category,Double,1,1
loc_ctr_category,Double,1,1
model_ctr_category,Double,1,1
nt_ctr_category,Double,1,1
time_ctr_category,Double,1,1
ctr_ad_type,Double,1,1
sex_ctr_ad_type,Double,1,1
age_ctr_ad_type,Double,1,1
loc_ctr_ad_type,Double,1,1
model_ctr_ad_type,Double,1,1
nt_ctr_ad_type,Double,1,1
time_ctr_ad_type,Double,1,1
ctr_pkg,Double,1,1
sex_ctr_pkg,Double,1,1
age_ctr_pkg,Double,1,1
loc_ctr_pkg,Double,1,1
model_ctr_pkg,Double,1,1
nt_ctr_pkg,Double,1,1
time_ctr_pkg,Double,1,1
ctr_landing_site,Double,1,1
sex_ctr_landing_site,Double,1,1
age_ctr_landing_site,Double,1,1
loc_ctr_landing_site,Double,1,1
model_ctr_landing_site,Double,1,1
nt_ctr_landing_site,Double,1,1
time_ctr_landing_site,Double,1,1
ctr_app_level1,Double,1,1
sex_ctr_app_level1,Double,1,1
age_ctr_app_level1,Double,1,1
loc_ctr_app_level1,Double,1,1
model_ctr_app_level1,Double,1,1
nt_ctr_app_level1,Double,1,1
time_ctr_app_level1,Double,1,1
ctr_app_level2,Double,1,1
sex_ctr_app_level2,Double,1,1
age_ctr_app_level2,Double,1,1
loc_ctr_app_level2,Double,1,1
model_ctr_app_level2,Double,1,1
nt_ctr_app_level2,Double,1,1
time_ctr_app_level2,Double,1,1
ctr_game_level1,Double,1,1
sex_ctr_game_level1,Double,1,1
age_ctr_game_level1,Double,1,1
loc_ctr_game_level1,Double,1,1
model_ctr_game_level1,Double,1,1
nt_ctr_game_level1,Double,1,1
time_ctr_game_level1,Double,1,1
ctr_game_level2,Double,1,1
sex_ctr_game_level2,Double,1,1
age_ctr_game_level2,Double,1,1
loc_ctr_game_level2,Double,1,1
model_ctr_game_level2,Double,1,1
nt_ctr_game_level2,Double,1,1
time_ctr_game_level2,Double,1,1
user_app_rec,Double,1,1
interval_with_last,Double,1,1
user_visit_video_times,Double,1,1
ad_explode_time,Double,1,1
ads_id,String,1,1
dt,String,1,1
