feature_name,importance
label,0.0
sex,1181.221756465733
age,7645.977125317517
model_size,1291.00936140263
model_price,1676.3705459298217
model_publish_time,1117.5046672680182
model_series,668.135490938148
model_label1,3379.7631477157993
model_label2,5888.8681535857495
color_label1,2335.9101984521985
color_label2,4017.728153594566
game_pay,369.70119082927704
browser_active_level,1650.0026496201754
app_store_active_level,1656.653683348326
game_center_active_level,2406.7402670443357
sim1,1628.4014564523177
sim2,1728.2073084234935
user_tencent_app_cluster_label,6770.867220063194
res_region,2103.6248102634945
res_prvn_capital,849.837905450062
res_city_grade,2415.4477752482753
res_prvn,2640.9905917352226
res_city,10230.777226539984
ads_id_hash,5705.704472230159
plan_id_hash,5908.90736814609
advertiser_id_hash,3341.5907201453265
pkg_hash,1922.1240711430182
landing_site_host_hash,1433.2577905110666
ad_category,490.81857893127017
display_type,0.0
ad_type,0.0
adver_industry,428.7342557826414
adver_sec_industry,656.0594662031071
display_mode,484.06035804748535
dimensions,0.0
is_wechat,8.249039649963379
ads_firsttypeid,35.15460014343262
ads_sectypeid,14.371060013771057
app_type,319.48818377777934
app_sectypeid,0.0
game_type,115.26758146286011
game_sectypeid,0.0
official,113.7066516019404
app_category,12.077899932861328
tencent_app_cluster_label,840.2428932129405
pst,57269.44861434541
nt,5194.958697545224
hour_encode,10986.87203084924
hour_scope,5.805220127105713
is_holiday,674.2636529469455
browser_hash,6221.581982945893
request_region,2281.5302047639325
request_is_capital,647.3837190349441
request_city_level,0.0
request_province,2518.6789708881297
request_city,5625.755775894917
adid_5minute_c_times,178426.93401005882
plan_id_5minute_c_times,27405.05201005636
pkg_5minute_c_times,38806.373400527744
langding_site_5minute_c_times,40111.29642576926
category_5minute_c_times,40958.1865536143
adid_1hour_c_times,32261.166760398737
plan_id_1hour_c_times,27992.36249553691
pkg_1hour_c_times,35936.257113497406
langding_site_1hour_c_times,30842.86910633322
category_1hour_c_times,21976.15096981951
adid_12hour_c_times,41047.76348105716
plan_id_12hour_c_times,27998.05513511362
pkg_12hour_c_times,12673.984553016824
langding_site_12hour_c_times,16059.828754459444
category_12hour_c_times,4859.494607415848
adid_48hour_c_times,5679.029363705662
plan_id_48hour_c_times,3722.9667602383397
pkg_48hour_c_times,8291.593690349138
langding_site_48hour_c_times,4634.357657101216
category_48hour_c_times,5455.445202364097
adid_7day_c_times,4715.106298701496
plan_id_7day_c_times,5087.70204672308
pkg_7day_c_times,3909.591985514733
langding_site_7day_c_times,3183.2855409811964
adid_14day_c_times,2674.1916676068577
plan_id_14day_c_times,2720.78759493486
pkg_14day_c_times,3132.798338927292
langding_site_14day_c_times,5035.68884994289
adid_30day_c_times,3246.570660479756
adid_5minute_s_times,2379.7202488471376
plan_id_5minute_s_times,3186.0265863864624
pkg_5minute_s_times,5845.236882835714
langding_site_5minute_s_times,0.0
category_5minute_s_times,51.970658608712256
adid_1hour_s_times,378.6024215221405
plan_id_1hour_s_times,186.14225352578796
pkg_1hour_s_times,2911.505666685058
langding_site_1hour_s_times,158.32334991823882
category_1hour_s_times,83.9245803905651
adid_12hour_s_times,1296.2640014477074
plan_id_12hour_s_times,187.3725283620879
pkg_12hour_s_times,24355.371263384615
langding_site_12hour_s_times,294.6002380307764
category_12hour_s_times,249.9879244734766
adid_48hour_s_times,1018.2300332324921
plan_id_48hour_s_times,412.8240035114577
pkg_48hour_s_times,21466.04305217536
langding_site_48hour_s_times,2288.283906206023
category_48hour_s_times,2467.6253271293535
adid_7day_s_times,4611.971607163236
plan_id_7day_s_times,1037.3871616954784
pkg_7day_s_times,95184.94464502955
langding_site_7day_s_times,7953.61628223327
adid_14day_s_times,6990.289290352041
plan_id_14day_s_times,10935.256317524894
pkg_14day_s_times,1228.971521860105
langding_site_14day_s_times,14624.740638897347
adid_30day_s_times,11003.676064701693
adid_5minute_detail_c_times,34044.49101909106
plan_id_5minute_detail_c_times,2504.1624930729304
pkg_5minute_detail_c_times,39763.11486149725
langding_site_5minute_detail_c_times,31.255699634552002
category_5minute_detail_c_times,356.80482989549637
adid_1hour_detail_c_times,1259.7907575871795
plan_id_1hour_detail_c_times,614.1423681974411
pkg_1hour_detail_c_times,2102.996674902572
langding_site_1hour_detail_c_times,3330.0557931661606
category_1hour_detail_c_times,1030.0043629705906
adid_12hour_detail_c_times,2417.5225184736064
plan_id_12hour_detail_c_times,1121.9164780281717
pkg_12hour_detail_c_times,12924.203770952929
langding_site_12hour_detail_c_times,5321.52838435024
category_12hour_detail_c_times,1737.9348835209148
adid_48hour_detail_c_times,4120.223922207937
plan_id_48hour_detail_c_times,1359.6556472600423
pkg_48hour_detail_c_times,22339.757515353238
langding_site_48hour_detail_c_times,25364.826062916007
category_48hour_detail_c_times,5410.9954555083
adid_5minute_detail_s_times,8799.002401475464
plan_id_5minute_detail_s_times,1815.0499890475694
pkg_5minute_detail_s_times,95140.91403841627
langding_site_5minute_detail_s_times,66545.71617303509
category_5minute_detail_s_times,7983.48354434584
adid_1hour_detail_s_times,15469.41604912974
plan_id_1hour_detail_s_times,5517.4877107956345
pkg_1hour_detail_s_times,59056.541301530204
langding_site_1hour_detail_s_times,6398.156167994544
category_1hour_detail_s_times,34216.37565258002
adid_12hour_detail_s_times,5564.6234537153505
plan_id_12hour_detail_s_times,67173.52503416548
pkg_12hour_detail_s_times,0.0
langding_site_12hour_detail_s_times,33.80527973175049
category_12hour_detail_s_times,143.40313744544983
adid_48hour_detail_s_times,0.0
plan_id_48hour_detail_s_times,703.7902476787567
pkg_48hour_detail_s_times,0.0
langding_site_48hour_detail_s_times,22.310800552368164
category_48hour_detail_s_times,356.2434320449829
adid_5minute_alliance_c_times,0.0
plan_id_5minute_alliance_c_times,1769.7366474866867
pkg_5minute_alliance_c_times,0.0
langding_site_5minute_alliance_c_times,34.85994052886963
category_5minute_alliance_c_times,416.00258815288544
adid_1hour_alliance_c_times,56.78105068206787
plan_id_1hour_alliance_c_times,1954.2127213478088
pkg_1hour_alliance_c_times,43.93383026123047
langding_site_1hour_alliance_c_times,51.36762857437134
category_1hour_alliance_c_times,505.36009764671326
adid_12hour_alliance_c_times,139.4826591014862
plan_id_12hour_alliance_c_times,11351.42024029023
pkg_12hour_alliance_c_times,0.0
langding_site_12hour_alliance_c_times,257.94823956489563
category_12hour_alliance_c_times,435.22471034526825
adid_48hour_alliance_c_times,200.23207068443298
plan_id_48hour_alliance_c_times,945.3816259801388
pkg_48hour_alliance_c_times,360.70485162734985
langding_site_48hour_alliance_c_times,414.7968111038208
category_48hour_alliance_c_times,909.5169978141785
adid_5minute_alliance_s_times,648.1641282439232
plan_id_5minute_alliance_s_times,1596.6041425814037
pkg_5minute_alliance_s_times,320.30269289016724
langding_site_5minute_alliance_s_times,395.54465997219086
category_5minute_alliance_s_times,1018.3196078538022
adid_1hour_alliance_s_times,595.8073588609695
plan_id_1hour_alliance_s_times,3334.915803756361
pkg_1hour_alliance_s_times,1259.261402130127
langding_site_1hour_alliance_s_times,972.0446493923664
category_1hour_alliance_s_times,2226.584846187383
adid_12hour_alliance_s_times,909.3221072037122
plan_id_12hour_alliance_s_times,4466.315702223699
pkg_12hour_alliance_s_times,0.0
langding_site_12hour_alliance_s_times,0.0
category_12hour_alliance_s_times,0.0
adid_48hour_alliance_s_times,0.0
plan_id_48hour_alliance_s_times,0.0
pkg_48hour_alliance_s_times,0.0
langding_site_48hour_alliance_s_times,0.0
category_48hour_alliance_s_times,0.0
total_r_c_times,0.0
total_r_s_times,0.0
cos_bnttt1,0.0
cos_bntptt1,0.0
cos_bntpdt1,0.0
cos_bsttt2,0.0
cos_bstptt2,0.0
cos_bstpdt2,0.0
cos_bnktk,0.0
cos_bnkpnk,0.0
cos_bnkptk,0.0
cos_bnkpdk,0.0
cos_bsktk,0.0
cos_bskpnk,202.6454095840454
cos_bskptk,251.24109029769897
cos_bskpdk,35.44471049308777
cos_asktk,799.3944712877274
cos_askpnk,122.73962068557739
cos_askptk,318.1744923591614
cos_askpdk,1488.621571779251
cos_ruwv_tk,371.65902197203764
cos_ruwv_pnk,2231.501070678234
cos_ruwv_ptk,15.728099822998047
cos_ruwv_pdk,242.7763991355896
cos_usnwv_tk,802.0826100111008
cos_usnwv_pnk,261.463960647583
cos_usnwv_ptk,1214.7636964321136
cos_usnwv_pdk,641.6316428184509
cos_rut_t_lda,760.8546488285065
cos_ulnt_t_lda,1514.3481914103031
cos_usnt_t_lda,771.0293427705765
cos_ltnt_t_lda_wv,3736.593680582653
cos_stnt_t_lda_wv,55953.50989952808
cos_ltnt_wv_tk,196793.8812698166
cos_stnt_wv_tk,10654.008046127936
ctr_adid,5948.086106635801
sex_ctr_adid,8547.875123410917
age_ctr_adid,4638.754719826393
loc_ctr_adid,3972.5510198385455
model_ctr_adid,7589.084627202243
nt_ctr_adid,25469.50944318548
time_ctr_adid,8527.393423392903
ctr_plan_id,8698.940490926505
sex_ctr_plan_id,9491.173071548252
age_ctr_plan_id,15269.188895689116
loc_ctr_plan_id,11212.750124923929
model_ctr_plan_id,10832.572084688076
nt_ctr_plan_id,13717.062980646002
time_ctr_plan_id,12713.112438587672
ctr_c_level1,9743.96918519584
sex_ctr_c_level1,9349.684462430798
age_ctr_c_level1,8850.870130701713
loc_ctr_level1,14739.599339613085
model_ctr_level1,8325.515116869996
nt_ctr_c_level1,7927.692628509674
time_ctr_c_level1,9137.53783188529
ctr_c_level2,11455.689648441668
sex_ctr_c_level2,6859.554164447049
age_ctr_c_level2,6523.757859146068
loc_ctr_level2,7473.815646510783
model_ctr_level2,12344.256322424162
nt_ctr_c_level2,7459.973483553476
time_ctr_c_level2,9112.663081124201
ctr_category,9379.421181766209
sex_ctr_category,9317.259500347724
age_ctr_category,12543.63793293984
loc_ctr_category,13135.273890223078
model_ctr_category,270322.0880598087
nt_ctr_category,7683.261527926368
time_ctr_category,7533.129070000811
ctr_ad_type,17131.805675819578
sex_ctr_ad_type,431232.9998439833
age_ctr_ad_type,16492.13539423087
loc_ctr_ad_type,25185.961869137707
model_ctr_ad_type,3377.6113256415365
nt_ctr_ad_type,2717.9634914528724
time_ctr_ad_type,2644.8418550204624
ctr_pkg,46964.52768302048
sex_ctr_pkg,151717.8237946361
age_ctr_pkg,5315.337477805706
loc_ctr_pkg,6652.519070303052
model_ctr_pkg,609.0453040681896
nt_ctr_pkg,472.33566331863403
time_ctr_pkg,649.3301513195038
ctr_landing_site,866.1754648387432
sex_ctr_landing_site,1185.4601776599884
age_ctr_landing_site,1895.8826582329348
loc_ctr_landing_site,849.0446016387759
model_ctr_landing_site,252.75051641464233
nt_ctr_landing_site,340.50496040983126
time_ctr_landing_site,537.8981339931488
ctr_app_level1,700.7696419959102
sex_ctr_app_level1,791.1724207443622
age_ctr_app_level1,556.5304198880331
loc_ctr_app_level1,695.6495833396912
model_ctr_app_level1,3184.1153756238127
nt_ctr_app_level1,3375.3221325862087
time_ctr_app_level1,5084.783120278415
ctr_app_level2,7733.056627954371
sex_ctr_app_level2,7389.755294423034
age_ctr_app_level2,3108.133665688245
loc_ctr_app_level2,7120.113462234231
model_ctr_app_level2,5728.794443315385
nt_ctr_app_level2,5563.817142032887
time_ctr_app_level2,6330.7694708140625
ctr_game_level1,10749.482979311784
sex_ctr_game_level1,11475.600505017705
age_ctr_game_level1,3865.0613324556616
loc_ctr_game_level1,11642.462470164115
model_ctr_game_level1,1695.789181151602
nt_ctr_game_level1,164271.47518965605
time_ctr_game_level1,1681.0385758534248
ctr_game_level2,3715.4847156233463
sex_ctr_game_level2,7554.234216720967
age_ctr_game_level2,8830.839786560093
loc_ctr_game_level2,4163.939767027555
model_ctr_game_level2,1299.888569030998
nt_ctr_game_level2,1268.2422505480354
time_ctr_game_level2,1356.4136056163115
user_app_rec,3053.547076493811
interval_with_last,3610.5086047209206
user_visit_video_times,1423.6674834005535
user_basic_continued0,3770.1621082127094
user_basic_continued1,1693.8020283667938
user_basic_continued2,1346.3380093462474
user_basic_continued3,1696.5651129498729
user_basic_continued4,22510.893808721114
user_basic_continued5,5791.551863581781
user_basic_continued6,2205.8058728609394
user_basic_continued7,7623.549671791083
user_basic_continued8,2424.8186591626
user_basic_continued9,2213.9515257028324
user_basic_continued10,2310.1538500756433
user_basic_continued11,4430.727671710557
user_basic_continued12,5286.9156607269
user_basic_continued13,2698.7802549009357
user_basic_continued14,6144.825821160809
user_basic_continued15,197.76596553152194
user_basic_continued16,531.2993087395153
user_basic_continued17,415.9934734520209
user_basic_continued18,1354.2890099649085
user_basic_continued19,1441.2420913289698
user_basic_continued20,558.7314415935107
user_basic_continued21,885.7099039801105
user_basic_continued22,423.5124469355883
user_basic_continued23,533.670282814099
user_basic_continued24,468.1255712509155
user_basic_continued25,945.7761408190709
user_basic_continued26,1208.2930848447213
user_basic_continued27,640.4525141119957
user_basic_continued28,1076.9494767189026
user_basic_continued29,4780.501174943172
user_basic_continued30,137713.161268215
user_basic_continued31,10556.238132417202
user_basic_continued32,411.5325063467026
user_basic_continued33,634.4871148447855
user_basic_continued34,398.46600449085236
user_basic_continued35,19010.22160790536
user_basic_continued36,5601.0374542923455
user_basic_continued37,0.0
user_basic_continued38,3367.3095189885744
user_basic_continued39,1322.402549849532
user_basic_continued40,640.1641974449158
user_basic_continued41,3285.6002688161825
user_basic_continued42,863.9476034641266
user_basic_continued43,0.0
user_basic_continued44,516.2611646652222
user_basic_continued45,2554.7275764758233
user_basic_continued46,1878.9147595437244
user_basic_continued47,270.379958152771
user_basic_continued48,2488.43605610379
user_basic_continued49,2887.274572950235
user_basic_continued50,516.3684279918671
user_basic_continued51,625.4845080375671
user_basic_continued52,3009.459123036726
user_basic_continued53,600.7750489711761
user_basic_continued54,0.0
user_basic_continued55,1745.9787376523018
user_basic_continued56,984.9399709701538
user_basic_continued57,582.333493232727
user_basic_continued58,2519.9136930767036
user_basic_continued59,902.2377223968506
user_basic_continued60,2065.8767922662664
user_basic_continued61,0.0
user_basic_continued62,4719.405741275223
user_basic_continued63,705.8048701286316
user_basic_continued64,451.6273902654648
user_basic_continued65,392.76901710033417
user_basic_continued66,0.0
user_basic_continued67,802.5139634609222
user_basic_continued68,912.1180601119995
user_basic_continued69,3574.654307420098
user_basic_continued70,357.290718793869
user_basic_continued71,2501.314181991962
user_basic_continued72,7614.118926275724
user_basic_continued73,20912.583453433566
user_basic_continued74,11488.759660441343
user_basic_continued75,4038.974275565968
user_basic_continued76,3606.635047107935
user_basic_continued77,7634.103205582116
user_basic_continued78,4777.519890888681
user_basic_continued79,1162.6691929101944
user_basic_continued80,0.0
user_basic_continued81,0.0
user_basic_continued82,0.0
user_basic_continued83,1074.037120103836
user_basic_continued84,0.0
user_basic_continued85,4875.250414422102
user_basic_continued86,0.0
user_basic_continued87,2360.8560745716095
user_basic_continued88,15438.878232249841
user_basic_continued89,1571.1905179023743
user_basic_continued90,1252.7821424007416
user_basic_continued91,691.6998491287231
user_basic_continued92,462.4835443496704
user_basic_continued93,712.4241771697998
user_basic_continued94,674.5179915428162
user_basic_continued95,389.1131100654602
user_basic_continued96,157.66807079315186
user_basic_continued97,273.26355838775635
user_basic_continued98,91.57299041748047
user_basic_continued99,181.17901015281677
user_basic_continued100,406.5116124153137
user_basic_continued101,202.63369798660278
user_basic_continued102,106.7157301902771
user_basic_continued103,176.1363673210144
user_basic_continued104,99.85769939422607
user_basic_continued105,325.6372580528259
user_basic_continued106,137.8356409072876
user_basic_continued107,501.71884059906006
user_basic_continued108,144.30009055137634
user_basic_continued109,7.997980117797852
user_basic_continued110,388.81161069869995
user_basic_continued111,254.6320972442627
user_basic_continued112,65.69315004348755
user_basic_continued113,136.96240043640137
user_basic_continued114,10153.826737685114
user_basic_continued115,7610.7770304222595
user_basic_continued116,8638.119056077318
user_basic_continued117,9261.340081524535
user_basic_continued118,5315.44443673287
user_basic_continued119,7674.7731753464395
user_basic_continued120,8340.259419802316
user_basic_continued121,6787.534975459359
user_basic_continued122,8527.917198266721
user_basic_continued123,8018.7177884026
user_basic_continued124,6979.089802892372
user_basic_continued125,3127.7145297590178
user_basic_continued126,10678.545642907926
user_basic_continued127,11752.592734645877
user_basic_continued128,11574.870328863362
user_basic_continued129,5109.208232219642
user_basic_continued130,2052.769195696339
user_basic_continued131,9786.007823239277
user_basic_continued132,8048.906348966593
user_basic_continued133,6795.234134753767
user_basic_continued134,2671.8620695537975
user_basic_continued135,2819.9904484217986
user_basic_continued136,9798.746922639646
user_basic_continued137,5370.117075015907
user_basic_continued138,4345.356002110762
user_basic_continued139,9336.133499647243
user_basic_continued140,968.8310628533363
user_basic_continued141,0.0
user_basic_continued142,19736.209545015587
user_basic_continued143,2605.6857603611425
user_basic_continued144,906.7780071496964
user_basic_continued145,146.7115294933319
user_basic_continued146,704.6765810251236
user_basic_continued147,226.07012152671814
user_basic_continued148,1486.8916337490082
user_basic_continued149,10011.908485314807
user_basic_continued150,10232.590113296214
user_basic_continued151,3213.2046912908554
user_basic_continued152,2550.5884531140327
user_basic_continued153,853.4838070869446
user_basic_continued154,5419.089306210808
user_basic_continued155,2505.6766167879105
user_basic_continued156,10612.128698618462
user_basic_continued157,1752.6621561050415
user_basic_continued158,1599.4228715896606
user_basic_continued159,2133.621125102043
user_basic_continued160,11152.556739830341
user_basic_continued161,2868.075324937701
user_basic_continued162,4224.530103623867
user_basic_continued163,1480.807205438614
user_basic_continued164,1138.1313512325287
user_basic_continued165,2670.1850612461567
user_basic_continued166,2307.8251433372498
user_basic_continued167,948.6959629058838
user_basic_continued168,2002.617079257965
user_basic_continued169,5401.113093700846
user_basic_continued170,1967.1075828671455
user_basic_continued171,1700.2715607881546
user_basic_continued172,1037.2073812484741
user_basic_continued173,295.1799989938736
user_basic_continued174,931.1139398813248
user_basic_continued175,7026.219778549352
user_basic_continued176,877.9680986404419
user_basic_continued177,4168.850827176491
user_basic_continued178,9084.562926325809
user_basic_continued179,34.37280988693237
user_basic_continued180,8141.645900390116
user_basic_continued181,490.6733384132385
user_basic_continued182,7381.761107699442
user_basic_continued183,2895.679224252701
user_basic_continued184,1614.7565377950668
user_basic_continued185,214.46406841278076
user_basic_continued186,7086.66196778552
user_basic_continued187,4068.599876895547
user_basic_continued188,1661.3057697415352
user_basic_continued189,3166.9930510520935
user_basic_continued190,3377.8027486242354
user_basic_continued191,1866.8424968719482
user_basic_continued192,1919.374122556299
user_basic_continued193,1844.0339159965515
user_basic_continued194,2785.745015025139
user_basic_continued195,2634.8414397239685
user_basic_continued196,538.838721871376
user_basic_continued197,2100.525232076645
user_basic_continued198,1736.7380366325378
user_basic_continued199,804.5845648050308
user_basic_continued200,8015.664104497471
user_basic_continued201,4644.098923930898
user_basic_continued202,2537.0817946195602
user_basic_continued203,2263.9608223438263
user_basic_continued204,598.1452918052673
user_basic_continued205,2310.5738303661346
user_basic_continued206,3697.6305577561725
user_basic_continued207,2984.082164333202
user_basic_continued208,2555.6020333766937
user_basic_continued209,3564.0712226629257
user_basic_continued210,1491.9408168792725
user_basic_continued211,1025.7724533081055
user_basic_continued212,3847.101775375664
user_basic_continued213,3507.3139350285055
user_basic_continued214,2777.1315832231194
user_basic_continued215,2408.7761402130127
user_basic_continued216,7759.61747087505
user_basic_continued217,5667.513120083266
user_basic_continued218,1723.0979421138763
user_basic_continued219,1760.0624785423279
user_basic_continued220,1327.222004890442
user_basic_continued221,1148.4267982272431
user_basic_continued222,998.5526914596558
user_basic_continued223,549.6923122406006
user_basic_continued224,111.03269863128662
user_basic_continued225,555.8429210186005
user_basic_continued226,2528.210853937602
user_basic_continued227,2715.2848772201687
user_basic_continued228,1317.0984259253019
user_basic_continued229,2412.0970883260597
user_basic_continued230,2473.5282256091596
user_basic_continued231,1867.5270642949035
user_basic_continued232,1803.1102045781117
user_basic_continued233,1311.4301715493202
user_basic_continued234,2857.457498323085
user_basic_continued235,1002.3913397789001
user_basic_continued236,1596.2496732473373
user_basic_continued237,313.5910782814026
user_basic_continued238,1881.5217450261116
user_basic_continued239,1365.7484052181244
user_basic_continued240,1372.5257308688015
user_basic_continued241,2231.021509170532
user_basic_continued242,1616.2268745601177
user_news_stat_info0,763.048807144165
user_news_stat_info1,2559.2837737211958
user_news_stat_info2,182.53527069091797
user_news_stat_info3,1541.2794396281242
user_news_stat_info4,656.3098981380463
user_news_stat_info5,216.57979917526245
user_news_stat_info6,436.5969386100769
user_news_stat_info7,294.97590160369873
user_news_stat_info8,431.48734974861145
user_news_stat_info9,478.11562752723694
user_real_news_category0,808.093902349472
user_real_news_category1,618.3793849945068
user_real_news_category2,2313.205797425937
user_real_news_category3,814.6681928634644
user_real_news_category4,443.4199311733246
user_real_news_category5,1387.0956041812897
user_real_news_category6,1739.042081689462
user_real_news_category7,1354.611171722412
user_real_news_category8,1341.730229139328
user_real_news_category9,2147.1879887675605
user_real_news_category10,1149.994993776083
user_real_news_category11,2210.7808687090874
user_real_news_category12,521.4972577095032
user_real_news_category13,1772.0218148968415
user_real_news_category14,1513.3310196399689
user_real_news_category15,397.6206007003784
user_real_news_category16,1981.5521987852117
user_real_news_category17,1351.3794152736664
user_real_news_category18,1246.8581314086914
user_real_news_category19,356.8408627510071
user_real_news_subcategory0,709.5645890831947
user_real_news_subcategory1,330.68678188323975
user_real_news_subcategory2,142782.48110693545
user_real_news_subcategory3,1749866.4143091529
user_real_news_subcategory4,8341.453755092201
user_real_news_subcategory5,32712.811694060245
user_real_news_subcategory6,0.0
user_real_news_subcategory7,0.0
user_real_news_subcategory8,0.0
user_real_news_subcategory9,0.0
user_real_news_subcategory10,0.0
user_real_news_subcategory11,0.0
user_real_news_subcategory12,0.0
user_real_news_subcategory13,6135.082425889365
user_real_news_subcategory14,4766.857555277217
user_real_news_subcategory15,7400.460618235762
user_real_news_subcategory16,8105.911872430363
user_real_news_subcategory17,5520.85831622104
user_real_news_subcategory18,8308.69520896202
user_real_news_subcategory19,5902.931432252928
user_real_news_subcategory20,5099.044852781559
user_real_news_subcategory21,10328.483825952957
user_real_news_subcategory22,7001.795965415067
user_real_news_subcategory23,7791.621161631406
user_real_news_subcategory24,6450.3419152309825
user_real_news_subcategory25,7252.847609346125
user_real_news_subcategory26,12504.492774148483
user_real_news_subcategory27,6614.640631953536
user_real_news_subcategory28,9866.561342438246
user_real_news_subcategory29,4960.346212493019
user_real_news_subcategory30,8873.627710080798
user_real_news_subcategory31,8161.791876242988
user_real_news_subcategory32,0.0
user_real_news_subcategory33,314.7216320037842
user_real_news_subcategory34,331.206560254097
user_real_news_subcategory35,259.9270089864731
user_real_news_subcategory36,902.5752604007721
user_real_news_subcategory37,1946.3162591457367
user_real_news_subcategory38,1569.1206073760986
user_real_news_subcategory39,394.89761114120483
user_real_news_subcategory40,414.28297996520996
user_real_news_subcategory41,6105.070484572055
user_real_news_subcategory42,3306.791331932309
user_real_news_subcategory43,4673.692028989339
user_real_news_subcategory44,3577.3256498473165
user_real_news_subcategory45,4448.287408966474
user_real_news_subcategory46,2800.6776057487677
user_real_news_subcategory47,2242.156158257545
user_real_news_subcategory48,5152.0570436306625
user_real_news_subcategory49,3030.0521997162805
user_real_news_subcategory50,4808.428374480613
user_real_news_subcategory51,5291.400490861188
user_real_news_subcategory52,5264.983790575838
user_real_news_subcategory53,3435.7409138346256
user_real_news_subcategory54,3911.2807913419456
user_real_news_subcategory55,3794.086323745643
user_real_news_subcategory56,4201.455226532323
user_real_news_subcategory57,7088.534832198816
user_real_news_subcategory58,6672.745780384172
user_real_news_subcategory59,4602.727192590872
user_real_news_subcategory60,5253.461404405434
user_real_news_subcategory61,3873.0819944164696
user_real_news_subcategory62,5146.368098603849
user_real_news_subcategory63,5396.6571681852765
user_real_news_subcategory64,5876.141234543739
user_real_news_subcategory65,4547.8251399032415
user_real_news_subcategory66,4695.54626687394
user_real_news_subcategory67,4499.775979198968
user_real_news_subcategory68,6280.143135759579
user_real_news_subcategory69,7030.216633430187
user_real_news_subcategory70,3780.810402974388
user_real_news_subcategory71,5141.4218757008075
user_real_news_subcategory72,4942.079146242528
user_real_news_subcategory73,5224.287519246591
user_real_news_subcategory74,4677.725720627256
user_real_news_subcategory75,3535.2141594158275
user_real_news_subcategory76,6276.309081742202
user_real_news_subcategory77,6487.542152908647
user_real_news_subcategory78,4588.894307433457
user_real_news_subcategory79,4579.459165446287
user_real_news_subcategory80,6461.034788563539
user_real_news_subcategory81,4216.719631118953
user_real_news_subcategory82,2852.418526257672
user_real_news_subcategory83,3888.947450115065
user_real_news_subcategory84,5494.528986955386
user_real_news_subcategory85,4993.5081081385215
user_real_news_subcategory86,3346.391337801336
user_real_news_subcategory87,5225.85849290931
user_real_news_subcategory88,5791.2245250499
user_real_news_subcategory89,2322.5668055621245
user_real_news_subcategory90,4223.50465726383
user_real_news_subcategory91,3815.7726680729884
user_real_news_subcategory92,3141.556967888634
user_real_news_subcategory93,3501.00037326032
user_real_news_subcategory94,3687.0407117072136
user_real_news_subcategory95,3970.6122975602693
user_real_news_subcategory96,0.0
user_real_news_subcategory97,6592.708450497121
user_real_news_subcategory98,10018.636453011442
user_real_news_subcategory99,6133.900620164899
user_real_news_subcategory100,6958.382533823507
user_real_news_subcategory101,3864.688997630583
user_real_news_subcategory102,4064.8461545754126
user_real_news_subcategory103,4064.7988720302437
user_real_news_subcategory104,3883.4895359908187
user_real_news_subcategory105,5679.1069790768215
user_real_news_subcategory106,4557.955216010156
user_real_news_subcategory107,5247.202975763418
user_real_news_subcategory108,5497.472127288679
user_real_news_subcategory109,4385.136504023885
user_real_news_subcategory110,2808.1820350455337
user_real_news_subcategory111,6351.4864017843265
user_real_news_subcategory112,4929.093720730635
user_real_news_subcategory113,8113.281672912748
user_real_news_subcategory114,4452.047312916856
user_real_news_subcategory115,6133.107339129004
user_real_news_subcategory116,4846.394511919203
user_real_news_subcategory117,3603.300270071195
user_real_news_subcategory118,2847.9961914116916
user_real_news_subcategory119,5067.265306796657
user_real_news_subcategory120,4299.764974894405
user_real_news_subcategory121,4698.734263749062
user_real_news_subcategory122,5605.536420311371
user_real_news_subcategory123,5618.263317713173
user_real_news_subcategory124,3993.4054323229757
user_real_news_subcategory125,6017.954754220889
user_real_news_subcategory126,4465.319714189352
user_real_news_subcategory127,4924.150695832852
user_real_news_subcategory128,4327.418830889719
user_real_news_subcategory129,4506.819628155672
user_real_news_subcategory130,12222.50370576311
user_real_news_subcategory131,5512.009347448268
user_real_news_subcategory132,4356.428514987625
user_real_news_subcategory133,4280.098007304264
user_real_news_subcategory134,11694.109104630796
user_real_news_subcategory135,8162.487738113087
user_long_news_category0,20787.453251919786
user_long_news_category1,7964.000935182895
user_long_news_category2,5973.615089194045
user_long_news_category3,5584.444955163162
user_long_news_category4,5634.307479451205
user_long_news_category5,2479.146862183723
user_long_news_category6,3702.4927002610693
user_long_news_category7,4192.572144522157
user_long_news_category8,3473.5865023621973
user_long_news_category9,2358.179506287062
user_long_news_category10,5206.792694137772
user_long_news_category11,5249.202412193724
user_long_news_category12,5746.797302015609
user_long_news_category13,5290.944645922384
user_long_news_category14,5945.839379688843
user_long_news_category15,5476.370759780685
user_long_news_category16,6689.665244630333
user_long_news_category17,6186.530955041731
user_long_news_category18,8662.785448770584
user_long_news_category19,5268.820001590257
user_long_news_subcategory0,4398.357829190307
user_long_news_subcategory1,3970.1896258607594
user_long_news_subcategory2,4903.941305098509
user_long_news_subcategory3,3633.108404815569
user_long_news_subcategory4,6529.034074769688
user_long_news_subcategory5,4562.622580703698
user_long_news_subcategory6,4758.236031966932
user_long_news_subcategory7,8201.69177749916
user_long_news_subcategory8,7196.487152556796
user_long_news_subcategory9,7608.805540507288
user_long_news_subcategory10,7033.930731143972
user_long_news_subcategory11,6676.347683196684
user_long_news_subcategory12,4807.109071923973
user_long_news_subcategory13,5618.560346438508
user_long_news_subcategory14,4259.82589147993
user_long_news_subcategory15,4103.4181364447995
user_long_news_subcategory16,5323.364154998806
user_long_news_subcategory17,5166.526963632779
user_long_news_subcategory18,4114.697501234254
user_long_news_subcategory19,5127.736854526619
user_long_news_subcategory20,4416.677671156223
user_long_news_subcategory21,4077.5131638829225
user_long_news_subcategory22,5267.706396641832
user_long_news_subcategory23,3968.0955210625407
user_long_news_subcategory24,5592.544159165647
user_long_news_subcategory25,4636.480282608285
user_long_news_subcategory26,4761.913173511224
user_long_news_subcategory27,5281.6020258317385
user_long_news_subcategory28,4663.298976060265
user_long_news_subcategory29,5640.094802927429
user_long_news_subcategory30,3997.0560467236774
user_long_news_subcategory31,4051.945615150248
user_long_news_subcategory32,1192.1869815587997
user_long_news_subcategory33,1487.0809331536293
user_long_news_subcategory34,1852.999851167202
user_long_news_subcategory35,973.4985678195953
user_long_news_subcategory36,3525.134422911193
user_long_news_subcategory37,3081.9688137335133
user_long_news_subcategory38,1738.0449075102806
user_long_news_subcategory39,1885.4169715456665
user_long_news_subcategory40,1464.5987542048097
user_long_news_subcategory41,3227.7579242135544
user_long_news_subcategory42,2127.0362836122513
user_long_news_subcategory43,2793.6554976959233
user_long_news_subcategory44,1519.0554953813553
user_long_news_subcategory45,2899.6571021340787
user_long_news_subcategory46,954.8355122745852
user_long_news_subcategory47,1096.3025609254837
user_long_news_subcategory48,3292.9713085748263
user_long_news_subcategory49,1641.4089683294296
user_long_news_subcategory50,2739.097900487126
user_long_news_subcategory51,1882.0003117918968
user_long_news_subcategory52,2581.8641542000732
user_long_news_subcategory53,1333.7046495079994
user_long_news_subcategory54,1347.9536230564117
user_long_news_subcategory55,1607.561769604683
user_long_news_subcategory56,1207.444035768509
user_long_news_subcategory57,4353.518560247634
user_long_news_subcategory58,2962.175206542015
user_long_news_subcategory59,2437.12398147583
user_long_news_subcategory60,2942.8962762849405
user_long_news_subcategory61,2654.225789142307
user_long_news_subcategory62,1609.2951509109698
user_long_news_subcategory63,2323.2500145388767
user_long_news_subcategory64,2851.099478110671
user_long_news_subcategory65,1944.2959512356974
user_long_news_subcategory66,1799.2963005304337
user_long_news_subcategory67,1622.9220539331436
user_long_news_subcategory68,3997.026405163604
user_long_news_subcategory69,3711.872896205571
user_long_news_subcategory70,1135.2448278069496
user_long_news_subcategory71,2698.5808197643037
user_long_news_subcategory72,3081.2150155359122
user_long_news_subcategory73,2575.2788104089705
user_long_news_subcategory74,1777.1709651947021
user_long_news_subcategory75,1154.225729584694
user_long_news_subcategory76,3087.6362544059957
user_long_news_subcategory77,3362.69365056511
user_long_news_subcategory78,1898.3924852609634
user_long_news_subcategory79,2846.550854410045
user_long_news_subcategory80,3387.0296011196106
user_long_news_subcategory81,2178.854604959488
user_long_news_subcategory82,1853.231026649475
user_long_news_subcategory83,1519.5234236717224
user_long_news_subcategory84,1479.218099296093
user_long_news_subcategory85,2138.4776150882244
user_long_news_subcategory86,960.4259524345398
user_long_news_subcategory87,2663.6144345998764
user_long_news_subcategory88,2815.5207956684753
user_long_news_subcategory89,604.1913847923279
user_long_news_subcategory90,1779.9935007147578
user_long_news_subcategory91,1525.6806641817093
user_long_news_subcategory92,1173.5428411960602
user_long_news_subcategory93,1905.53245896101
user_long_news_subcategory94,2107.311735113477
user_long_news_subcategory95,2342.0240091085434
user_long_news_subcategory96,0.0
user_long_news_subcategory97,4109.443416804235
user_long_news_subcategory98,4216.285160193374
user_long_news_subcategory99,3465.3507784651592
user_long_news_subcategory100,1637.295048892498
user_long_news_subcategory101,1597.2130711078644
user_long_news_subcategory102,1718.0094147324562
user_long_news_subcategory103,2327.0547037124634
user_long_news_subcategory104,1152.7767550945282
user_long_news_subcategory105,2674.3534824643284
user_long_news_subcategory106,1913.1597188711166
user_long_news_subcategory107,2380.183851440437
user_long_news_subcategory108,2698.9452387568454
user_long_news_subcategory109,2187.1930391564965
user_long_news_subcategory110,1089.993977189064
user_long_news_subcategory111,3555.123127081168
user_long_news_subcategory112,1572.0791606903076
user_long_news_subcategory113,3956.8266105228854
user_long_news_subcategory114,1902.8215048006969
user_long_news_subcategory115,3413.38785950734
user_long_news_subcategory116,2738.9020604491234
user_long_news_subcategory117,878.1250020265579
user_long_news_subcategory118,1300.5086835622787
user_long_news_subcategory119,3013.400997504963
user_long_news_subcategory120,1518.6845655292273
user_long_news_subcategory121,2155.8410134659352
user_long_news_subcategory122,2159.1051086075604
user_long_news_subcategory123,2542.214471757412
user_long_news_subcategory124,958.9142903089523
user_long_news_subcategory125,3210.2630042289093
user_long_news_subcategory126,2031.438129446702
user_long_news_subcategory127,1955.3926888824208
user_long_news_subcategory128,970.6243784427643
user_long_news_subcategory129,1674.0499212145805
user_long_news_subcategory130,3206.3482007652347
user_long_news_subcategory131,2687.530172114988
user_long_news_subcategory132,391.98274981975555
user_long_news_subcategory133,1465.1596542596817
user_long_news_subcategory134,4827.444276932871
user_long_news_subcategory135,4699.933681670139
user_short_news_category0,5326.641930806849
user_short_news_category1,3477.661330343346
user_short_news_category2,3332.6784093366878
user_short_news_category3,2385.723615193111
user_short_news_category4,3322.5280292224197
user_short_news_category5,1641.7766231298447
user_short_news_category6,1982.5461365580559
user_short_news_category7,2266.891979187727
user_short_news_category8,821.498690277378
user_short_news_category9,685.6182668209076
user_short_news_category10,2346.207943022251
user_short_news_category11,3081.7008706138513
user_short_news_category12,3135.9087701290846
user_short_news_category13,2077.1320806741714
user_short_news_category14,3332.602765752992
user_short_news_category15,2436.9274954497814
user_short_news_category16,3331.5699559781206
user_short_news_category17,3424.0663729110165
user_short_news_category18,4388.231156589886
user_short_news_category19,3780.0523415536154
user_short_news_subcategory0,2013.8384436871856
user_short_news_subcategory1,1356.0518870204687
user_short_news_subcategory2,2568.054910722538
user_short_news_subcategory3,1010.8074431419373
user_short_news_subcategory4,3632.1467852217047
user_short_news_subcategory5,1087.8214317560196
user_short_news_subcategory6,1895.996069431305
user_short_news_subcategory7,2345.5313651561737
user_short_news_subcategory8,3438.075027152028
user_short_news_subcategory9,2882.788591001292
user_short_news_subcategory10,3344.4756474013557
user_short_news_subcategory11,3072.3900598952478
user_short_news_subcategory12,5516.88255921163
user_short_news_subcategory13,6193.58417048839
user_short_news_subcategory14,4112.19066583996
user_short_news_subcategory15,4731.50485943865
user_short_news_subcategory16,6267.20616827217
user_short_news_subcategory17,4384.097595008666
user_short_news_subcategory18,4394.662929976157
user_short_news_subcategory19,4835.08433666934
user_short_news_subcategory20,3675.5369474096105
user_short_news_subcategory21,4910.496897489924
user_short_news_subcategory22,5122.64422834733
user_short_news_subcategory23,4834.989215027699
user_short_news_subcategory24,4936.395681363063
user_short_news_subcategory25,6247.170381824551
user_short_news_subcategory26,4951.727549798525
user_short_news_subcategory27,5114.8295240786265
user_short_news_subcategory28,5817.08228935478
user_short_news_subcategory29,4807.674118854724
user_short_news_subcategory30,4734.680245382091
user_short_news_subcategory31,5223.12178713467
user_short_news_subcategory32,1950.2942599361268
user_short_news_subcategory33,1763.9578614234924
user_short_news_subcategory34,2712.5765805244446
user_short_news_subcategory35,1160.9439642429352
user_short_news_subcategory36,3410.0625632059405
user_short_news_subcategory37,3536.079453317143
user_short_news_subcategory38,2219.601843044162
user_short_news_subcategory39,1960.9714086055756
user_short_news_subcategory40,1904.6629460453987
user_short_news_subcategory41,3694.706495347069
user_short_news_subcategory42,1449.4194507598877
user_short_news_subcategory43,2258.3342671936844
user_short_news_subcategory44,1090.6749198436737
user_short_news_subcategory45,2618.426443731878
user_short_news_subcategory46,788.6784204244614
user_short_news_subcategory47,985.2632491588593
user_short_news_subcategory48,2852.3841287987743
user_short_news_subcategory49,1629.5300550460815
user_short_news_subcategory50,2279.1518823318183
user_short_news_subcategory51,2170.290765550162
user_short_news_subcategory52,2733.3066189483216
user_short_news_subcategory53,1403.9268789291382
user_short_news_subcategory54,955.6012625694275
user_short_news_subcategory55,1080.6101334095001
user_short_news_subcategory56,1558.7927734851837
user_short_news_subcategory57,4385.950036276726
user_short_news_subcategory58,2578.334654390812
user_short_news_subcategory59,1787.1175560951233
user_short_news_subcategory60,2424.4467247128487
user_short_news_subcategory61,2071.349906142801
user_short_news_subcategory62,1812.081431759405
user_short_news_subcategory63,2547.4666449101205
user_short_news_subcategory64,1866.6420913990587
user_short_news_subcategory65,2362.90654316009
user_short_news_subcategory66,1664.370076399122
user_short_news_subcategory67,3047.304072899038
user_short_news_subcategory68,4113.870817919908
user_short_news_subcategory69,3710.959366386108
user_short_news_subcategory70,923.5866335630417
user_short_news_subcategory71,2646.337087617794
user_short_news_subcategory72,2453.532448425267
user_short_news_subcategory73,2756.69408506155
user_short_news_subcategory74,1367.3280653953552
user_short_news_subcategory75,990.9853460788727
user_short_news_subcategory76,3418.8093511033803
user_short_news_subcategory77,2826.00766080679
user_short_news_subcategory78,1745.8117479681969
user_short_news_subcategory79,3422.774831920862
user_short_news_subcategory80,3523.7214584036265
user_short_news_subcategory81,2100.421338915825
user_short_news_subcategory82,1899.0493193864822
user_short_news_subcategory83,1943.9480194747448
user_short_news_subcategory84,1593.0253718942404
user_short_news_subcategory85,2086.5039267626125
user_short_news_subcategory86,1748.31947563028
user_short_news_subcategory87,2150.6007637903094
user_short_news_subcategory88,2944.2018815589763
user_short_news_subcategory89,332.8669681549072
user_short_news_subcategory90,2063.4698947668076
user_short_news_subcategory91,1827.7884256839752
user_short_news_subcategory92,1433.4393243789673
user_short_news_subcategory93,1700.7337638027966
user_short_news_subcategory94,1934.641368985176
user_short_news_subcategory95,2066.205269217491
user_short_news_subcategory96,0.0
user_short_news_subcategory97,3800.730073900565
user_short_news_subcategory98,5063.819846556613
user_short_news_subcategory99,3726.449806520948
user_short_news_subcategory100,1604.575894355774
user_short_news_subcategory101,1221.5479190349579
user_short_news_subcategory102,2125.3623202443123
user_short_news_subcategory103,2073.734658777714
user_short_news_subcategory104,1542.2562103271484
user_short_news_subcategory105,2224.4589935552794
user_short_news_subcategory106,2195.5888437628746
user_short_news_subcategory107,3275.9115117479378
user_short_news_subcategory108,2263.611739250322
user_short_news_subcategory109,2589.947070002556
user_short_news_subcategory110,834.6246328353882
user_short_news_subcategory111,3330.1553067998066
user_short_news_subcategory112,1561.5285921096802
user_short_news_subcategory113,4646.701475522477
user_short_news_subcategory114,1936.596679955721
user_short_news_subcategory115,3653.705267885307
user_short_news_subcategory116,2563.807433605194
user_short_news_subcategory117,767.287454366684
user_short_news_subcategory118,1360.9441101551056
user_short_news_subcategory119,2800.7453077584505
user_short_news_subcategory120,1626.953362941742
user_short_news_subcategory121,1558.977375626564
user_short_news_subcategory122,2135.7133848189696
user_short_news_subcategory123,2081.2340103387833
user_short_news_subcategory124,1462.8788055181503
user_short_news_subcategory125,3298.0578563683666
user_short_news_subcategory126,2097.623070218353
user_short_news_subcategory127,2282.2203083056957
user_short_news_subcategory128,786.5505819320679
user_short_news_subcategory129,2225.7380480617285
user_short_news_subcategory130,3448.285493077665
user_short_news_subcategory131,2171.6293217730126
user_short_news_subcategory132,371.1789320707321
user_short_news_subcategory133,1279.7246156930923
user_short_news_subcategory134,5548.109621266274
user_short_news_subcategory135,4879.805249302802
user_query_intention0,3927.521278523057
user_query_intention1,3827.89776975094
user_query_intention2,3278.5530391599814
user_query_intention3,2595.339650611946
user_query_intention4,3487.5143951887876
user_query_intention5,1734.8884916305542
user_query_intention6,1657.7554938793182
user_query_intention7,1971.8622884750366
user_query_intention8,862.5114798545837
user_query_intention9,762.281252861023
user_query_intention10,1828.424402319244
user_query_intention11,2973.55354105265
user_query_intention12,2685.0726493289694
user_query_intention13,2153.409947872162
user_query_intention14,2839.0946474997327
user_query_intention15,2538.097466025036
user_app_install_sim0,3365.21454284864
user_app_install_sim1,3273.7239845921285
user_app_install_sim2,4016.814155442965
user_app_install_sim3,2894.0260029409037
user_app_down_sim0,2038.2392101287842
user_app_down_sim1,1367.8392052650452
user_app_down_sim2,2889.164000717443
user_app_down_sim3,900.1141786575317
user_app_down_sim4,3664.809583545257
user_app_down_sim5,1595.7546739578247
user_app_down_sim6,2112.2211495637894
user_app_down_sim7,2589.5032229423523
user_app_down_sim8,3439.2523498490154
user_app_down_sim9,3373.758323468195
user_app_down_sim10,2892.928857248329
user_app_down_sim11,2137.8381701291546
user_app_down_sim12,11622.485457198178
user_app_down_sim13,9447.341269798926
user_app_down_sim14,10267.802362532806
user_app_down_sim15,11710.575772553544
app_basic_continued0,11209.924174328778
app_basic_continued1,10015.933541668455
app_basic_continued2,11528.460894729293
app_basic_continued3,11130.32425479482
app_basic_continued4,9657.416541194027
app_basic_continued5,9709.349656529328
ads_image_pca320,10583.973008003868
ads_image_pca321,11787.198901005992
ads_image_pca322,10162.968234416978
ads_image_pca323,11031.581750754709
ads_image_pca324,10383.472232485961
ads_image_pca325,11343.372459372393
ads_image_pca326,5044.808669804945
ads_image_pca327,5260.2468072100455
ads_image_pca328,9996.819687317009
ads_image_pca329,5767.38837474401
ads_image_pca3210,1524.8089962005615
ads_image_pca3211,1303.8132070302963
ads_image_pca3212,560.5893375873566
ads_image_pca3213,121.33229041099548
ads_image_pca3214,22.275569915771484
ads_image_pca3215,69.8407998085022
ads_image_pca3216,1169.6493549346924
ads_image_pca3217,142.04318165779114
ads_image_pca3218,343.62571485340595
ads_image_pca3219,303.4629895687103
ads_image_pca3220,308.9223186969757
ads_image_pca3221,73.97933959960938
ads_image_pca3222,34.885950326919556
ads_image_pca3223,18.03691053390503
ads_image_pca3224,343.2660166025162
ads_image_pca3225,30.327009916305542
ads_image_pca3226,1645.315440285909
ads_image_pca3227,0.0
ads_image_pca3228,2959.657455668512
ads_image_pca3229,0.0
ads_image_pca3230,1023.4530889561865
ads_image_pca3231,0.042094599455595016
ad_sex_cover_rate0,2682.1955992440526
ad_sex_cover_rate1,1999.218606381046
ad_age_cover_rate0,2099.371429655588
ad_age_cover_rate1,1650.3512600563809
ad_age_cover_rate2,3280.172011185874
ad_age_cover_rate3,1869.6588812446207
ad_age_cover_rate4,2410.155963295372
ad_age_cover_rate5,2431.153199685111
ad_region_cover_rate0,2080.744092033012
ad_region_cover_rate1,2985.4017301415806
ad_region_cover_rate2,3094.5203083865345
ad_region_cover_rate3,2558.717552639515
ad_region_cover_rate4,2302.7155207200667
ad_region_cover_rate5,2364.605029090242
ad_region_cover_rate6,1488.4176758117392
ad_prvn_cover_rate0,1854.7735799164202
ad_prvn_cover_rate1,1701.5922366534069
ad_prvn_cover_rate2,2740.495053496299
ad_prvn_cover_rate3,2194.42117484106
ad_prvn_cover_rate4,2245.7341593183014
ad_prvn_cover_rate5,2497.207784985949
ad_prvn_cover_rate6,2746.49091212824
ad_prvn_cover_rate7,2486.0011784794333
ad_prvn_cover_rate8,2126.2049042348517
ad_prvn_cover_rate9,2654.6774102366653
ad_prvn_cover_rate10,2479.538634828292
ad_prvn_cover_rate11,2156.418331021676
ad_prvn_cover_rate12,2384.615190428449
ad_prvn_cover_rate13,2563.9797459760885
ad_prvn_cover_rate14,3025.84516407497
ad_prvn_cover_rate15,2616.836050307247
ad_prvn_cover_rate16,3018.2339128589447
ad_prvn_cover_rate17,1342.9359117426484
ad_prvn_cover_rate18,1070.7125939581892
ad_prvn_cover_rate19,793.0077822102506
ad_prvn_cover_rate20,608.324573544799
ad_prvn_cover_rate21,1184.8813554252101
ad_prvn_cover_rate22,892.7674126002057
ad_prvn_cover_rate23,1799.1766528331827
ad_prvn_cover_rate24,938.2742880327351
ad_prvn_cover_rate25,374.2495474614552
ad_prvn_cover_rate26,274.5969024946098
ad_prvn_cover_rate27,194.642173409753
ad_prvn_cover_rate28,585.7278310160036
ad_prvn_cover_rate29,196.69764832267538
ad_prvn_cover_rate30,82.69553768960759
ad_prvn_cover_rate31,259.46424656665386
ad_prvn_cover_rate32,1182.6065212252142
ad_prvn_cover_rate33,428.26615387550555
ad_city_grade_cover_rate0,380.91734353790525
ad_city_grade_cover_rate1,374.6618547877515
ad_city_grade_cover_rate2,438.558119263791
ad_city_grade_cover_rate3,779.3769703796133
ad_city_grade_cover_rate4,253.6920081154094
ad_city_grade_cover_rate5,321.7724230545573
ad_sex_dur0,183.08305712314177
ad_sex_dur1,271.7679310484091
ad_age_dur0,137.01877598208375
ad_age_dur1,1008.4052717035229
ad_age_dur2,401.90573541022604
ad_age_dur3,341.0526454887513
ad_age_dur4,386.3387931943289
ad_age_dur5,747.5243307809578
ad_region_dur0,372.22938658791827
ad_region_dur1,531.9961729569768
ad_region_dur2,506.3611194584082
ad_region_dur3,349.9939819825813
ad_region_dur4,588.9873659528457
ad_region_dur5,528.6291914275134
ad_region_dur6,857.0020233350806
ad_prvn_dur0,512.1660945869244
ad_prvn_dur1,726.9312537874212
ad_prvn_dur2,553.9036727091843
ad_prvn_dur3,841.1419478392927
ad_prvn_dur4,494.87735390054877
ad_prvn_dur5,1156.78786578156
ad_prvn_dur6,820.0583207135023
ad_prvn_dur7,1094.0645656203487
ad_prvn_dur8,700.7530300333347
ad_prvn_dur9,271.88829708099365
ad_prvn_dur10,451.36636935797287
ad_prvn_dur11,714.4823632181351
ad_prvn_dur12,310.28643190256844
ad_prvn_dur13,210.3711198568344
ad_prvn_dur14,84.34995985031128
ad_prvn_dur15,187.2746640171099
ad_prvn_dur16,221.2943936344236
ad_prvn_dur17,2371.4486261262573
ad_prvn_dur18,1257.7605382699112
ad_prvn_dur19,1033.1256785326732
ad_prvn_dur20,877.3866568741796
ad_prvn_dur21,2212.905077655334
ad_prvn_dur22,2516.3318175374034
ad_prvn_dur23,1934.7043281692495
ad_prvn_dur24,1258.6242693840868
ad_prvn_dur25,2014.5811070488417
ad_prvn_dur26,1855.4945680744677
ad_prvn_dur27,1376.2869933801508
ad_prvn_dur28,2832.708478080276
ad_prvn_dur29,1180.5227807614865
ad_prvn_dur30,1683.9521512914362
ad_prvn_dur31,870.7774128554593
ad_prvn_dur32,1441.8325755443075
ad_prvn_dur33,1269.0175082908245
ad_city_grade_dur0,1071.9974498125011
ad_city_grade_dur1,1093.2905197353357
ad_city_grade_dur2,1873.7179397171858
ad_city_grade_dur3,1462.6888971287844
ad_city_grade_dur4,1405.057828105084
ad_city_grade_dur5,1689.7709506778583
ad_time_dur0,1417.187630480188
ad_time_dur1,1568.743079150161
ad_time_dur2,1227.726989127521
ad_time_dur3,1496.6638071355637
ad_time_dur4,1733.8718031894823
ad_time_dur5,1515.6994929480497
ad_time_dur6,2792.4215497924415
ad_time_dur7,1967.2752861758745
ad_time_dur8,985.6833856757949
ad_time_dur9,1565.8873070576228
ad_time_dur10,1311.9891278295672
ad_time_dur11,2311.6202452118523
ad_time_dur12,1486.8593840326066
ad_time_dur13,1307.7656389859912
ad_time_dur14,1815.4064357533935
ad_time_dur15,1760.276643178804
ad_time_dur16,2008.0634816176826
ad_time_dur17,1244.814898974466
ad_time_dur18,2728.965260158002
ad_time_dur19,1719.9040430495568
ad_time_dur20,1371.5809320282642
ad_time_dur21,1312.740695090165
ad_time_dur22,1695.7545327421394
ad_time_dur23,1125.1703214782756
user_browser_news_keyword0,1058.9536868981086
user_browser_news_keyword1,1612.9803929211048
user_browser_news_keyword2,2189.9791058053524
user_browser_news_keyword3,1567.3695922693514
user_browser_news_keyword4,2601.8457744697225
user_browser_news_keyword5,1633.1619189977064
user_browser_news_keyword6,3262.563600094756
user_browser_news_keyword7,939.1832481095735
user_browser_news_keyword8,2094.1360421382687
user_browser_news_keyword9,1383.8312544646515
user_browser_news_keyword10,1400.1477053121926
user_browser_news_keyword11,1666.7801530451252
user_browser_news_keyword12,1400.707327853026
user_browser_news_keyword13,1629.7880197506383
user_browser_news_keyword14,2004.7110497216727
user_browser_news_keyword15,1956.5447150736436
user_browser_news_keyword16,2291.0470610706834
user_browser_news_keyword17,1965.4069079244955
user_browser_news_keyword18,2036.1393401659311
user_browser_news_keyword19,2066.1697255726904
user_browser_news_keyword20,2434.6059604693983
user_browser_news_keyword21,2442.202705552701
user_browser_news_keyword22,1487.0410483791493
user_browser_news_keyword23,2714.1243646666408
user_browser_news_keyword24,1813.2157207907076
user_browser_news_keyword25,1693.2191949643748
user_browser_news_keyword26,1341.4384182938375
user_browser_news_keyword27,1291.2055670878062
user_browser_news_keyword28,2219.3537427392766
user_browser_news_keyword29,1701.4725123730777
user_browser_news_keyword30,2813.7685401927865
user_browser_news_keyword31,1931.3406551772132
user_browser_news_keyword32,9785.881201687103
user_browser_news_keyword33,9651.680804872778
user_browser_news_keyword34,7523.932549262067
user_browser_news_keyword35,8242.995208140803
user_browser_news_keyword36,7460.2022888751235
user_browser_news_keyword37,7699.940945008802
user_browser_news_keyword38,7601.491231099173
user_browser_news_keyword39,9271.152314707902
user_browser_news_keyword40,7904.417675341814
user_browser_news_keyword41,8183.175102317177
user_browser_news_keyword42,7318.658358650362
user_browser_news_keyword43,8161.771416428772
user_browser_news_keyword44,8450.03008184763
user_browser_news_keyword45,9112.445900994473
user_browser_news_keyword46,7796.300147043074
user_browser_news_keyword47,8953.293390385761
user_browser_news_keyword48,8079.930543904151
user_browser_news_keyword49,6601.397790204437
user_browser_news_keyword50,8355.553636911925
user_browser_news_keyword51,7922.881336772307
user_browser_news_keyword52,8759.90944552894
user_browser_news_keyword53,7764.1276390609755
user_browser_news_keyword54,9207.785588985473
user_browser_news_keyword55,8780.70293431194
user_browser_news_keyword56,9948.62176701551
user_browser_news_keyword57,7595.828688677077
user_browser_news_keyword58,8546.573929744303
user_browser_news_keyword59,9170.28913629778
user_browser_news_keyword60,8298.918170550927
user_browser_news_keyword61,8162.743133372283
user_browser_news_keyword62,8763.649976298719
user_browser_news_keyword63,9012.931830662494
user_browser_news_keyword64,9206.687953177407
user_browser_news_keyword65,9249.661647558401
user_browser_news_keyword66,8246.050589028202
user_browser_news_keyword67,9314.564352393509
user_browser_news_keyword68,7939.9506694229485
user_browser_news_keyword69,8239.863940440831
user_browser_news_keyword70,9052.104321667739
user_browser_news_keyword71,9483.365921414856
user_browser_news_keyword72,7974.8664808416825
user_browser_news_keyword73,8767.543725310068
user_browser_news_keyword74,8109.050039966454
user_browser_news_keyword75,8854.957726794204
user_browser_news_keyword76,7356.438564215828
user_browser_news_keyword77,7698.503012034334
user_browser_news_keyword78,8650.09115888001
user_browser_news_keyword79,7957.9812707825995
user_browser_news_keyword80,9296.724869656264
user_browser_news_keyword81,9259.531751266004
user_browser_news_keyword82,8685.628081397164
user_browser_news_keyword83,8885.386198347149
user_browser_news_keyword84,8757.946267515947
user_browser_news_keyword85,7040.903250679159
user_browser_news_keyword86,9047.682504058625
user_browser_news_keyword87,8578.491314178214
user_browser_news_keyword88,8250.463504359017
user_browser_news_keyword89,8328.615787892639
user_browser_news_keyword90,8841.906833054829
user_browser_news_keyword91,9195.050812947327
user_browser_news_keyword92,7346.882749085184
user_browser_news_keyword93,8750.2711686252
user_browser_news_keyword94,8162.5736974132105
user_browser_news_keyword95,8206.566074090946
user_browser_news_keyword96,8454.1805291554
user_browser_news_keyword97,6800.762930952511
user_browser_news_keyword98,8235.496922752754
user_browser_news_keyword99,8631.997949229499
user_browser_news_keyword100,10610.355999043217
user_browser_news_keyword101,8509.089218735964
user_browser_news_keyword102,9114.29267994994
user_browser_news_keyword103,8829.43844213613
user_browser_news_keyword104,8701.981976210027
user_browser_news_keyword105,9670.938400276442
user_browser_news_keyword106,8318.677965542422
user_browser_news_keyword107,9040.763621896886
user_browser_news_keyword108,8856.357451761038
user_browser_news_keyword109,7642.034036539597
user_browser_news_keyword110,8912.645056270652
user_browser_news_keyword111,7504.83298787837
user_browser_news_keyword112,8564.876186872132
user_browser_news_keyword113,8533.490145802687
user_browser_news_keyword114,8896.39140050594
user_browser_news_keyword115,9638.747086299343
user_browser_news_keyword116,9329.660427651661
user_browser_news_keyword117,8432.843725273055
user_browser_news_keyword118,9850.28072023521
user_browser_news_keyword119,8754.682524203705
user_browser_news_keyword120,9150.586623079891
user_browser_news_keyword121,7960.287978833284
user_browser_news_keyword122,9378.811422540384
user_browser_news_keyword123,8492.113764119695
user_browser_news_keyword124,9070.288195570229
user_browser_news_keyword125,8842.553356405126
user_browser_news_keyword126,8051.301906153651
user_browser_news_keyword127,9454.503138316355
user_browser_news_keyword128,9689.276021002808
user_browser_news_keyword129,9518.222538857784
user_browser_news_keyword130,8715.20124700735
user_browser_news_keyword131,8815.52660877967
user_browser_news_keyword132,8480.801071120874
user_browser_news_keyword133,8624.73820475569
user_browser_news_keyword134,9362.552298299224
user_browser_news_keyword135,8497.881296648971
user_browser_news_keyword136,8373.874469431195
user_browser_news_keyword137,9260.552244355276
user_browser_news_keyword138,8696.8895689369
user_browser_news_keyword139,8247.507063564646
user_browser_news_keyword140,8188.193104403161
user_browser_news_keyword141,9745.486275798312
user_browser_news_keyword142,8907.586424997813
user_browser_news_keyword143,7254.125905038596
user_browser_news_keyword144,9285.107887649183
user_browser_news_keyword145,7465.9076970133465
user_browser_news_keyword146,7520.096417071105
user_browser_news_keyword147,7512.6910001161705
user_browser_news_keyword148,8249.409401356092
user_browser_news_keyword149,8905.360175841324
user_browser_news_keyword150,8173.125241635758
user_browser_news_keyword151,8838.438038940987
user_browser_news_keyword152,9218.465413770467
user_browser_news_keyword153,9158.236252426494
user_browser_news_keyword154,8900.234932271584
user_browser_news_keyword155,8576.49166466239
user_browser_news_keyword156,8503.214100233185
user_browser_news_keyword157,7527.2638780947045
user_browser_news_keyword158,8565.129542504252
user_browser_news_keyword159,7666.981197018202
user_browser_news_keyword160,9146.50433474558
user_browser_news_keyword161,8313.750007217846
user_browser_news_keyword162,8999.888156028104
user_browser_news_keyword163,7506.535230311081
user_browser_news_keyword164,7652.696023034663
user_browser_news_keyword165,7931.070059991259
user_browser_news_keyword166,7682.020750356076
user_browser_news_keyword167,8509.469759683474
user_browser_news_keyword168,9148.421292787418
user_browser_news_keyword169,8476.253880175653
user_browser_news_keyword170,8951.672133389326
user_browser_news_keyword171,9228.762984694818
user_browser_news_keyword172,8293.37118448465
user_browser_news_keyword173,8228.268889726944
user_browser_news_keyword174,8913.149411594664
user_browser_news_keyword175,9579.316335089614
user_browser_news_keyword176,8593.90276739704
user_browser_news_keyword177,8818.413934743918
user_browser_news_keyword178,8592.828880249719
user_browser_news_keyword179,8736.765937240845
user_browser_news_keyword180,8448.388567416001
user_browser_news_keyword181,8499.24773870688
user_browser_news_keyword182,9175.167120554343
user_browser_news_keyword183,8049.665500702789
user_browser_news_keyword184,8882.543473638088
user_browser_news_keyword185,7518.071305777743
user_browser_news_keyword186,8887.362002955211
user_browser_news_keyword187,8661.583779541897
user_browser_news_keyword188,8011.744066790254
user_browser_news_keyword189,9013.727462271598
user_browser_news_keyword190,7849.723491161371
user_browser_news_keyword191,8961.106356262044
user_browser_news_keyword192,8768.061074581214
user_browser_news_keyword193,9202.27998819582
user_browser_news_keyword194,8623.138461081493
user_browser_news_keyword195,7395.102018155777
user_browser_news_keyword196,8658.438856994198
user_browser_news_keyword197,8182.158269163279
user_browser_news_keyword198,8854.508462857797
user_browser_news_keyword199,7993.16176547884
user_browser_news_keyword200,11126.58370647668
user_browser_news_keyword201,7688.956596782835
user_browser_news_keyword202,8892.998277237231
user_browser_news_keyword203,8991.890438048078
user_browser_news_keyword204,7188.3971510457195
user_browser_news_keyword205,8745.332600776983
user_browser_news_keyword206,7952.632269207589
user_browser_news_keyword207,8598.144550055104
user_browser_news_keyword208,7435.048984191226
user_browser_news_keyword209,7318.432300339489
user_browser_news_keyword210,9168.32267948297
user_browser_news_keyword211,9296.507251842097
user_browser_news_keyword212,9744.637631814188
user_browser_news_keyword213,9031.805613819939
user_browser_news_keyword214,7787.9755371292995
user_browser_news_keyword215,8674.210976804923
user_browser_news_keyword216,9789.47109899695
user_browser_news_keyword217,8527.181191779919
user_browser_news_keyword218,7967.755513922045
user_browser_news_keyword219,8526.22582900634
user_browser_news_keyword220,9480.4775783609
user_browser_news_keyword221,8783.596691350256
user_browser_news_keyword222,9902.314566069888
user_browser_news_keyword223,8893.314952969295
user_browser_news_keyword224,9291.111740661836
user_browser_news_keyword225,9407.905086511855
user_browser_news_keyword226,8370.163775941088
user_browser_news_keyword227,7764.054914955956
user_browser_news_keyword228,9059.005939946222
user_browser_news_keyword229,8640.190560745918
user_browser_news_keyword230,8265.146706352478
user_browser_news_keyword231,8124.5732317240745
user_browser_news_keyword232,7753.047946105249
user_browser_news_keyword233,8488.344204615049
user_browser_news_keyword234,8412.485923430757
user_browser_news_keyword235,8145.981168365288
user_browser_news_keyword236,8825.320186811468
user_browser_news_keyword237,8249.44259639145
user_browser_news_keyword238,9856.464308889073
user_browser_news_keyword239,8763.275838030477
user_browser_news_keyword240,7998.161110481067
user_browser_news_keyword241,7219.2379237775895
user_browser_news_keyword242,8646.384308311941
user_browser_news_keyword243,7879.450887923234
user_browser_news_keyword244,9135.441241048477
user_browser_news_keyword245,9508.145705086696
user_browser_news_keyword246,8270.154850374536
user_browser_news_keyword247,8059.824366114049
user_browser_news_keyword248,7521.87162482297
user_browser_news_keyword249,8300.993860057592
user_browser_news_keyword250,9228.439405637853
user_browser_news_keyword251,8697.43001346119
user_browser_news_keyword252,8976.138200056343
user_browser_news_keyword253,9288.75874369656
user_browser_news_keyword254,8600.246721059693
user_browser_news_keyword255,8774.831476730995
user_browser_news_keyword256,7912.12950897314
user_browser_news_keyword257,9329.74706089445
user_browser_news_keyword258,8219.519988835236
user_browser_news_keyword259,7343.6065479642675
user_browser_news_keyword260,8173.43377263182
user_browser_news_keyword261,9569.411664579904
user_browser_news_keyword262,7642.408818024794
user_browser_news_keyword263,9321.712842092304
user_browser_news_keyword264,8112.519453947692
user_browser_news_keyword265,7141.272284717127
user_browser_news_keyword266,8569.538588529547
user_browser_news_keyword267,10359.002125956744
user_browser_news_keyword268,9212.927736849866
user_browser_news_keyword269,7950.212066081156
user_browser_news_keyword270,10104.987433019265
user_browser_news_keyword271,8581.283615076212
user_browser_news_keyword272,8361.33623682577
user_browser_news_keyword273,7982.285019831808
user_browser_news_keyword274,8757.032953575577
user_browser_news_keyword275,10282.449628741588
user_browser_news_keyword276,9222.705251874404
user_browser_news_keyword277,8414.051388763179
user_browser_news_keyword278,7381.29529456134
user_browser_news_keyword279,9894.362343146564
user_browser_news_keyword280,7424.658266020371
user_browser_news_keyword281,7271.048362866733
user_browser_news_keyword282,9117.076677015335
user_browser_news_keyword283,8708.362913997636
user_browser_news_keyword284,7551.513595353059
user_browser_news_keyword285,7664.199509704317
user_browser_news_keyword286,8159.01285248844
user_browser_news_keyword287,7016.694239390707
user_browser_news_keyword288,7749.723040996032
user_browser_news_keyword289,7293.043897601547
user_browser_news_keyword290,10279.489393754622
user_browser_news_keyword291,9192.06936510608
user_browser_news_keyword292,9217.712002970464
user_browser_news_keyword293,9221.926523195043
user_browser_news_keyword294,8896.27660845806
user_browser_news_keyword295,7357.484125327381
user_browser_news_keyword296,9387.568725534971
user_browser_news_keyword297,8275.651768206888
user_browser_news_keyword298,8137.189302559676
user_browser_news_keyword299,7472.346223720098
ad_text_title_keyword0,8512.218356638909
ad_text_title_keyword1,8409.166438021934
ad_text_title_keyword2,7982.396364706281
ad_text_title_keyword3,8880.143042643009
ad_text_title_keyword4,8510.805954630021
ad_text_title_keyword5,8303.722905554052
ad_text_title_keyword6,10058.234993609763
ad_text_title_keyword7,8880.08925199464
ad_text_title_keyword8,8161.280073395644
ad_text_title_keyword9,9788.532818047945
ad_text_title_keyword10,8394.403728949723
ad_text_title_keyword11,8162.659665984303
ad_text_title_keyword12,8316.132993171566
ad_text_title_keyword13,8099.883159964007
ad_text_title_keyword14,8271.4666275424
ad_text_title_keyword15,8512.124506629247
ad_text_title_keyword16,9495.332632638476
ad_text_title_keyword17,9131.934195735996
ad_text_title_keyword18,7254.354214853622
ad_text_title_keyword19,7666.2202929802725
ad_text_title_keyword20,7783.409468482581
ad_text_title_keyword21,8877.7754595201
ad_text_title_keyword22,9392.66197943144
ad_text_title_keyword23,7935.852123054647
ad_text_title_keyword24,8953.725947773497
ad_text_title_keyword25,8775.687539035887
ad_text_title_keyword26,8332.575701200927
ad_text_title_keyword27,8798.400437923552
ad_text_title_keyword28,7926.590625843039
ad_text_title_keyword29,9780.564234710026
ad_text_title_keyword30,9448.10924047559
ad_text_title_keyword31,8760.915701988017
ad_text_title_keyword32,5443.988054320085
ad_text_title_keyword33,5200.298506479518
ad_text_title_keyword34,4992.225962855118
ad_text_title_keyword35,5234.344267321779
ad_text_title_keyword36,5039.014239840948
ad_text_title_keyword37,4825.492134760596
ad_text_title_keyword38,5289.100414478904
ad_text_title_keyword39,5736.19916775527
ad_text_title_keyword40,5525.887884680102
ad_text_title_keyword41,5690.586023927586
ad_text_title_keyword42,4887.7542915376325
ad_text_title_keyword43,5624.428249841767
ad_text_title_keyword44,4272.404799596952
ad_text_title_keyword45,6023.507666999634
ad_text_title_keyword46,4873.410710856992
ad_text_title_keyword47,5413.335363247919
ad_text_title_keyword48,5698.106605667099
ad_text_title_keyword49,5879.616337806796
ad_text_title_keyword50,5019.723900394833
ad_text_title_keyword51,4173.956073047244
ad_text_title_keyword52,4767.302688638847
ad_text_title_keyword53,5247.655938087943
ad_text_title_keyword54,4480.426346048636
ad_text_title_keyword55,4475.576956386962
ad_text_title_keyword56,4770.696326712243
ad_text_title_keyword57,4804.393028119941
ad_text_title_keyword58,4629.20983482587
ad_text_title_keyword59,5023.092847158092
ad_text_title_keyword60,5623.8600552989865
ad_text_title_keyword61,5838.894575966955
ad_text_title_keyword62,5302.188201538487
ad_text_title_keyword63,4984.165155867655
ad_text_title_keyword64,4804.238789575531
ad_text_title_keyword65,5231.798801426736
ad_text_title_keyword66,5700.0027239849205
ad_text_title_keyword67,6280.246299209467
ad_text_title_keyword68,5864.086903425465
ad_text_title_keyword69,5788.200500188367
ad_text_title_keyword70,4860.933296687428
ad_text_title_keyword71,5501.634221449647
ad_text_title_keyword72,5214.839675868851
ad_text_title_keyword73,4995.535085717835
ad_text_title_keyword74,5329.816832250035
ad_text_title_keyword75,5161.355239630548
ad_text_title_keyword76,5003.212949326058
ad_text_title_keyword77,4916.199394120111
ad_text_title_keyword78,4869.254522246731
ad_text_title_keyword79,5790.699678894369
ad_text_title_keyword80,4982.885132140524
ad_text_title_keyword81,4473.494646632469
ad_text_title_keyword82,5030.8945308851935
ad_text_title_keyword83,4723.296127131383
ad_text_title_keyword84,5240.64231768583
ad_text_title_keyword85,5513.622207287257
ad_text_title_keyword86,5313.951058738134
ad_text_title_keyword87,6544.9865683624685
ad_text_title_keyword88,5459.093313184869
ad_text_title_keyword89,5153.209933669448
ad_text_title_keyword90,5124.687411666521
ad_text_title_keyword91,6287.944134967874
ad_text_title_keyword92,5462.788757954637
ad_text_title_keyword93,5010.419084397239
ad_text_title_keyword94,4700.084471235534
ad_text_title_keyword95,5384.832362826025
ad_text_title_keyword96,5640.913430525861
ad_text_title_keyword97,5662.1272407463
ad_text_title_keyword98,5655.410778596753
ad_text_title_keyword99,5375.911828248783
ad_text_title_keyword100,5431.152948359264
ad_text_title_keyword101,4948.383903921302
ad_text_title_keyword102,5485.225035994143
ad_text_title_keyword103,4592.891905040053
ad_text_title_keyword104,5259.550477901881
ad_text_title_keyword105,4909.686991941158
ad_text_title_keyword106,5610.891102596084
ad_text_title_keyword107,5215.164094949352
ad_text_title_keyword108,4822.681142434216
ad_text_title_keyword109,4752.923000657139
ad_text_title_keyword110,5745.303255716975
ad_text_title_keyword111,4833.06727474236
ad_text_title_keyword112,6692.155408869243
ad_text_title_keyword113,5184.822762548277
ad_text_title_keyword114,5060.145452436691
ad_text_title_keyword115,5032.750038634753
ad_text_title_keyword116,5188.778899455099
ad_text_title_keyword117,4661.69595052138
ad_text_title_keyword118,5222.290412819912
ad_text_title_keyword119,4865.0153000019545
ad_text_title_keyword120,5093.324561273992
ad_text_title_keyword121,4831.461821784576
ad_text_title_keyword122,4736.971941792644
ad_text_title_keyword123,5115.340733337982
ad_text_title_keyword124,5348.003122489776
ad_text_title_keyword125,5200.5443841768465
ad_text_title_keyword126,5321.05425495407
ad_text_title_keyword127,5350.427947841862
ad_text_title_keyword128,5131.757371662941
ad_text_title_keyword129,4791.0851456775845
ad_text_title_keyword130,5076.479645403615
ad_text_title_keyword131,5216.477956702667
ad_text_title_keyword132,4704.483995588247
ad_text_title_keyword133,5165.195007164963
ad_text_title_keyword134,5420.491491635428
ad_text_title_keyword135,5129.837790960102
ad_text_title_keyword136,5498.392446961328
ad_text_title_keyword137,5054.76002439892
ad_text_title_keyword138,4945.780059528497
ad_text_title_keyword139,5423.37469821659
ad_text_title_keyword140,4722.070071430255
ad_text_title_keyword141,4835.36413481698
ad_text_title_keyword142,4566.609966520951
ad_text_title_keyword143,4557.145368404934
ad_text_title_keyword144,4475.382896959109
ad_text_title_keyword145,5214.981220300193
ad_text_title_keyword146,5298.478069530385
ad_text_title_keyword147,5626.438205825529
ad_text_title_keyword148,5017.286638884995
ad_text_title_keyword149,6039.9279712610005
ad_text_title_keyword150,5628.247263096021
ad_text_title_keyword151,4683.402462684238
ad_text_title_keyword152,5074.93876055599
ad_text_title_keyword153,5544.261064834609
ad_text_title_keyword154,6256.316419800707
ad_text_title_keyword155,5082.179443240273
ad_text_title_keyword156,5533.852551939975
ad_text_title_keyword157,4459.311021232002
ad_text_title_keyword158,5495.309559724208
ad_text_title_keyword159,5652.563276593202
ad_text_title_keyword160,5263.850396316513
ad_text_title_keyword161,5631.520094075451
ad_text_title_keyword162,5547.570618565469
ad_text_title_keyword163,4834.671281023371
ad_text_title_keyword164,5285.930268335086
ad_text_title_keyword165,5712.472217612467
ad_text_title_keyword166,5148.123700569941
ad_text_title_keyword167,5648.82529952169
ad_text_title_keyword168,5111.30610261272
ad_text_title_keyword169,5975.218829148624
ad_text_title_keyword170,4320.440149594255
ad_text_title_keyword171,4803.123425354577
ad_text_title_keyword172,5386.69097156508
ad_text_title_keyword173,4907.097105265391
ad_text_title_keyword174,5790.58389315654
ad_text_title_keyword175,5705.036738769646
ad_text_title_keyword176,4777.696216113178
ad_text_title_keyword177,5624.281946237474
ad_text_title_keyword178,5572.229998939229
ad_text_title_keyword179,5195.663734827676
ad_text_title_keyword180,5166.674073030386
ad_text_title_keyword181,5700.653373787267
ad_text_title_keyword182,4979.549202998172
ad_text_title_keyword183,5125.663175780814
ad_text_title_keyword184,5572.233870319207
ad_text_title_keyword185,4858.032874448931
ad_text_title_keyword186,5237.252675468054
ad_text_title_keyword187,4566.798719885412
ad_text_title_keyword188,5983.40671789254
ad_text_title_keyword189,5470.17247998367
ad_text_title_keyword190,5042.508172082166
ad_text_title_keyword191,5166.179629425649
ad_text_title_keyword192,4690.623526993881
ad_text_title_keyword193,5243.192421631953
ad_text_title_keyword194,6271.750467226626
ad_text_title_keyword195,6763.445368719088
ad_text_title_keyword196,5303.550502567876
ad_text_title_keyword197,5264.7620698951705
ad_text_title_keyword198,4732.142982555375
ad_text_title_keyword199,4722.327690254373
ad_text_title_keyword200,5094.658677740186
ad_text_title_keyword201,5497.581007090693
ad_text_title_keyword202,4965.502366046741
ad_text_title_keyword203,5979.34762550835
ad_text_title_keyword204,4656.47877041177
ad_text_title_keyword205,4947.961943248982
ad_text_title_keyword206,4860.927195615656
ad_text_title_keyword207,5446.132404491771
ad_text_title_keyword208,4234.789827020297
ad_text_title_keyword209,5526.92235153711
ad_text_title_keyword210,4483.936527860646
ad_text_title_keyword211,5057.192402505087
ad_text_title_keyword212,5828.79454620095
ad_text_title_keyword213,5070.200295190862
ad_text_title_keyword214,3865.0401378534916
ad_text_title_keyword215,5196.294420794318
ad_text_title_keyword216,5836.218407191116
ad_text_title_keyword217,5598.668854327758
ad_text_title_keyword218,5455.498432375534
ad_text_title_keyword219,5238.850033437262
ad_text_title_keyword220,5628.346015901741
ad_text_title_keyword221,5293.102570636538
ad_text_title_keyword222,4959.067228321928
ad_text_title_keyword223,5334.402671917348
ad_text_title_keyword224,5551.505088267352
ad_text_title_keyword225,4610.347422068518
ad_text_title_keyword226,5153.7414623254435
ad_text_title_keyword227,5476.399603344025
ad_text_title_keyword228,5911.70265305633
ad_text_title_keyword229,4884.611131766884
ad_text_title_keyword230,5385.790963656398
ad_text_title_keyword231,4842.066986756672
ad_text_title_keyword232,5254.670493475176
ad_text_title_keyword233,5113.544111948776
ad_text_title_keyword234,5501.329988229063
ad_text_title_keyword235,6528.268813016839
ad_text_title_keyword236,4757.830974305492
ad_text_title_keyword237,5494.320733919438
ad_text_title_keyword238,4511.745996539972
ad_text_title_keyword239,5197.220466453522
ad_text_title_keyword240,5421.434111761686
ad_text_title_keyword241,4786.458560794595
ad_text_title_keyword242,5444.75575138953
ad_text_title_keyword243,4948.51920930204
ad_text_title_keyword244,5084.93727384333
ad_text_title_keyword245,5680.259156238753
ad_text_title_keyword246,5025.210818002815
ad_text_title_keyword247,6179.421737719284
ad_text_title_keyword248,5280.535343956113
ad_text_title_keyword249,4081.5953594235207
ad_text_title_keyword250,4650.448653077229
ad_text_title_keyword251,4679.61481112098
ad_text_title_keyword252,8052.850049935998
ad_text_title_keyword253,5314.299371820125
ad_text_title_keyword254,4628.079989240038
ad_text_title_keyword255,5262.172551303907
ad_text_title_keyword256,4856.376542325806
ad_text_title_keyword257,4775.390582271689
ad_text_title_keyword258,5387.088113283637
ad_text_title_keyword259,4894.639803029422
ad_text_title_keyword260,4400.476050991267
ad_text_title_keyword261,4980.434723682168
ad_text_title_keyword262,4743.049862330903
ad_text_title_keyword263,4947.48421264619
ad_text_title_keyword264,4269.433005634342
ad_text_title_keyword265,5878.940296035122
ad_text_title_keyword266,5280.121853328743
ad_text_title_keyword267,5157.968395235152
ad_text_title_keyword268,5927.664982402459
ad_text_title_keyword269,5205.57462553436
ad_text_title_keyword270,5371.537000108319
ad_text_title_keyword271,5210.342819692727
ad_text_title_keyword272,4808.916058300965
ad_text_title_keyword273,4943.165768928571
ad_text_title_keyword274,5550.623180919953
ad_text_title_keyword275,5368.18986183172
ad_text_title_keyword276,4511.29211156213
ad_text_title_keyword277,5593.384317540174
ad_text_title_keyword278,5347.092856588857
ad_text_title_keyword279,5017.362808751872
ad_text_title_keyword280,4868.977424242978
ad_text_title_keyword281,5603.467958799705
ad_text_title_keyword282,4835.397875451086
ad_text_title_keyword283,4810.715817989265
ad_text_title_keyword284,5331.560893957416
ad_text_title_keyword285,5410.436780590282
ad_text_title_keyword286,5089.669036579475
ad_text_title_keyword287,5026.87582132237
ad_text_title_keyword288,5158.346137480676
ad_text_title_keyword289,5225.872279054886
ad_text_title_keyword290,5287.5251227671615
ad_text_title_keyword291,5089.330541520176
ad_text_title_keyword292,4881.597610786568
ad_text_title_keyword293,7116.026603022739
ad_text_title_keyword294,5450.934508636927
ad_text_title_keyword295,5731.036518236289
ad_text_title_keyword296,5461.390027112117
ad_text_title_keyword297,4475.177538779221
ad_text_title_keyword298,5488.899695878252
ad_text_title_keyword299,4975.888760723027
user_app_loan0,5828.314475687234
user_app_loan1,5989.8435580572
user_app_loan2,5251.4896190755935
click_adid_size,5303.972187485721
click_adid_hash0,6088.854571489643
click_adid_hash1,5438.0091642196785
click_adid_hash2,5302.679662712744
click_adid_hash3,4329.414673983945
click_adid_hash4,4900.648946081169
click_adid_hash5,5309.061805849724
click_adid_hash6,6242.685991465822
click_adid_hash7,4763.198341096098
click_adid_hash8,5417.6591765864
click_adid_hash9,5634.158624039148
click_adid_hash10,5005.2906677684105
click_adid_hash11,5322.417062385777
click_adid_hash12,4886.844438458211
click_adid_hash13,5659.561676985271
click_adid_hash14,5287.639942201655
click_adid_hash15,5241.516250567098
click_adid_hash16,5759.57102488272
click_adid_hash17,5890.618657701926
click_adid_hash18,5479.44582018855
click_adid_hash19,5908.912624624252
click_adid_hash20,4323.1094812776655
click_adid_hash21,4843.059210257983
click_adid_hash22,5110.761656614606
click_adid_hash23,5823.290356898074
click_adid_hash24,5553.651832207532
click_adid_hash25,4879.443067685994
click_adid_hash26,4817.6157959018055
click_adid_hash27,5192.024054474787
click_adid_hash28,1071.37885299325
click_adid_hash29,123.1104507446289
ads_id_new_hash,757.8101732730865
ad_explode_time,22435.794511627017
