feature_name,importance
label,0
sex,109
age,376
model_size,141
model_price,192
model_publish_time,112
model_series,76
model_label1,358
model_label2,617
color_label1,259
color_label2,436
game_pay,36
browser_active_level,59
app_store_active_level,184
game_center_active_level,216
sim1,183
sim2,194
user_tencent_app_cluster_label,739
res_region,255
res_prvn_capital,85
res_city_grade,255
res_prvn,289
res_city,1091
ads_id_hash,616
plan_id_hash,609
advertiser_id_hash,302
pkg_hash,186
landing_site_host_hash,137
ad_category,49
display_type,0
ad_type,0
adver_industry,39
adver_sec_industry,68
display_mode,32
dimensions,0
is_wechat,1
ads_firsttypeid,2
ads_sectypeid,2
app_type,17
app_sectypeid,0
game_type,7
game_sectypeid,0
official,12
app_category,1
tencent_app_cluster_label,89
pst,609
nt,164
hour_encode,1054
hour_scope,1
is_holiday,74
browser_hash,401
request_region,248
request_is_capital,76
request_city_level,0
request_province,267
request_city,615
adid_5minute_c_times,1161
plan_id_5minute_c_times,1706
pkg_5minute_c_times,1617
langding_site_5minute_c_times,1489
category_5minute_c_times,1352
adid_1hour_c_times,1204
plan_id_1hour_c_times,1065
pkg_1hour_c_times,903
langding_site_1hour_c_times,875
category_1hour_c_times,762
adid_12hour_c_times,718
plan_id_12hour_c_times,693
pkg_12hour_c_times,654
langding_site_12hour_c_times,523
category_12hour_c_times,518
adid_48hour_c_times,498
plan_id_48hour_c_times,379
pkg_48hour_c_times,427
langding_site_48hour_c_times,355
category_48hour_c_times,382
adid_7day_c_times,355
plan_id_7day_c_times,268
pkg_7day_c_times,258
langding_site_7day_c_times,227
adid_14day_c_times,255
plan_id_14day_c_times,217
pkg_14day_c_times,221
langding_site_14day_c_times,191
adid_30day_c_times,219
adid_5minute_s_times,180
plan_id_5minute_s_times,201
pkg_5minute_s_times,619
langding_site_5minute_s_times,0
category_5minute_s_times,8
adid_1hour_s_times,22
plan_id_1hour_s_times,13
pkg_1hour_s_times,120
langding_site_1hour_s_times,31
category_1hour_s_times,6
adid_12hour_s_times,48
plan_id_12hour_s_times,16
pkg_12hour_s_times,329
langding_site_12hour_s_times,55
category_12hour_s_times,15
adid_48hour_s_times,63
plan_id_48hour_s_times,27
pkg_48hour_s_times,317
langding_site_48hour_s_times,83
category_48hour_s_times,62
adid_7day_s_times,156
plan_id_7day_s_times,61
pkg_7day_s_times,966
langding_site_7day_s_times,168
adid_14day_s_times,96
plan_id_14day_s_times,368
pkg_14day_s_times,116
langding_site_14day_s_times,191
adid_30day_s_times,125
adid_5minute_detail_c_times,568
plan_id_5minute_detail_c_times,168
pkg_5minute_detail_c_times,391
langding_site_5minute_detail_c_times,5
category_5minute_detail_c_times,45
adid_1hour_detail_c_times,145
plan_id_1hour_detail_c_times,74
pkg_1hour_detail_c_times,258
langding_site_1hour_detail_c_times,134
category_1hour_detail_c_times,122
adid_12hour_detail_c_times,275
plan_id_12hour_detail_c_times,107
pkg_12hour_detail_c_times,750
langding_site_12hour_detail_c_times,173
category_12hour_detail_c_times,173
adid_48hour_detail_c_times,437
plan_id_48hour_detail_c_times,146
pkg_48hour_detail_c_times,1123
langding_site_48hour_detail_c_times,472
category_48hour_detail_c_times,338
adid_5minute_detail_s_times,613
plan_id_5minute_detail_s_times,194
pkg_5minute_detail_s_times,1892
langding_site_5minute_detail_s_times,578
category_5minute_detail_s_times,368
adid_1hour_detail_s_times,812
plan_id_1hour_detail_s_times,310
pkg_1hour_detail_s_times,475
langding_site_1hour_detail_s_times,377
category_1hour_detail_s_times,970
adid_12hour_detail_s_times,378
plan_id_12hour_detail_s_times,519
pkg_12hour_detail_s_times,0
langding_site_12hour_detail_s_times,7
category_12hour_detail_s_times,8
adid_48hour_detail_s_times,0
plan_id_48hour_detail_s_times,39
pkg_48hour_detail_s_times,0
langding_site_48hour_detail_s_times,2
category_48hour_detail_s_times,21
adid_5minute_alliance_c_times,0
plan_id_5minute_alliance_c_times,84
pkg_5minute_alliance_c_times,0
langding_site_5minute_alliance_c_times,3
category_5minute_alliance_c_times,36
adid_1hour_alliance_c_times,3
plan_id_1hour_alliance_c_times,83
pkg_1hour_alliance_c_times,4
langding_site_1hour_alliance_c_times,4
category_1hour_alliance_c_times,45
adid_12hour_alliance_c_times,14
plan_id_12hour_alliance_c_times,275
pkg_12hour_alliance_c_times,0
langding_site_12hour_alliance_c_times,22
category_12hour_alliance_c_times,40
adid_48hour_alliance_c_times,19
plan_id_48hour_alliance_c_times,83
pkg_48hour_alliance_c_times,27
langding_site_48hour_alliance_c_times,33
category_48hour_alliance_c_times,84
adid_5minute_alliance_s_times,52
plan_id_5minute_alliance_s_times,153
pkg_5minute_alliance_s_times,30
langding_site_5minute_alliance_s_times,38
category_5minute_alliance_s_times,119
adid_1hour_alliance_s_times,61
plan_id_1hour_alliance_s_times,337
pkg_1hour_alliance_s_times,105
langding_site_1hour_alliance_s_times,89
category_1hour_alliance_s_times,223
adid_12hour_alliance_s_times,83
plan_id_12hour_alliance_s_times,443
pkg_12hour_alliance_s_times,0
langding_site_12hour_alliance_s_times,0
category_12hour_alliance_s_times,0
adid_48hour_alliance_s_times,0
plan_id_48hour_alliance_s_times,0
pkg_48hour_alliance_s_times,0
langding_site_48hour_alliance_s_times,0
category_48hour_alliance_s_times,0
total_r_c_times,0
total_r_s_times,0
cos_bnttt1,0
cos_bntptt1,0
cos_bntpdt1,0
cos_bsttt2,0
cos_bstptt2,0
cos_bstpdt2,0
cos_bnktk,0
cos_bnkpnk,0
cos_bnkptk,0
cos_bnkpdk,0
cos_bsktk,0
cos_bskpnk,15
cos_bskptk,22
cos_bskpdk,4
cos_asktk,61
cos_askpnk,10
cos_askptk,27
cos_askpdk,120
cos_ruwv_tk,38
cos_ruwv_pnk,210
cos_ruwv_ptk,1
cos_ruwv_pdk,20
cos_usnwv_tk,71
cos_usnwv_pnk,34
cos_usnwv_ptk,116
cos_usnwv_pdk,57
cos_rut_t_lda,67
cos_ulnt_t_lda,148
cos_usnt_t_lda,78
cos_ltnt_t_lda_wv,375
cos_stnt_t_lda_wv,513
cos_ltnt_wv_tk,1701
cos_stnt_wv_tk,1027
ctr_adid,586
sex_ctr_adid,897
age_ctr_adid,445
loc_ctr_adid,399
model_ctr_adid,746
nt_ctr_adid,1470
time_ctr_adid,888
ctr_plan_id,949
sex_ctr_plan_id,989
age_ctr_plan_id,1445
loc_ctr_plan_id,931
model_ctr_plan_id,1014
nt_ctr_plan_id,1016
time_ctr_plan_id,1341
ctr_c_level1,1058
sex_ctr_c_level1,1029
age_ctr_c_level1,970
loc_ctr_level1,1429
model_ctr_level1,940
nt_ctr_c_level1,891
time_ctr_c_level1,972
ctr_c_level2,1083
sex_ctr_c_level2,726
age_ctr_c_level2,714
loc_ctr_level2,776
model_ctr_level2,1053
nt_ctr_c_level2,759
time_ctr_c_level2,811
ctr_category,970
sex_ctr_category,977
age_ctr_category,1013
loc_ctr_category,1175
model_ctr_category,832
nt_ctr_category,541
time_ctr_category,521
ctr_ad_type,1004
sex_ctr_ad_type,1406
age_ctr_ad_type,1026
loc_ctr_ad_type,948
model_ctr_ad_type,346
nt_ctr_ad_type,327
time_ctr_ad_type,333
ctr_pkg,596
sex_ctr_pkg,783
age_ctr_pkg,673
loc_ctr_pkg,704
model_ctr_pkg,55
nt_ctr_pkg,51
time_ctr_pkg,56
ctr_landing_site,84
sex_ctr_landing_site,102
age_ctr_landing_site,178
loc_ctr_landing_site,79
model_ctr_landing_site,21
nt_ctr_landing_site,27
time_ctr_landing_site,48
ctr_app_level1,61
sex_ctr_app_level1,67
age_ctr_app_level1,46
loc_ctr_app_level1,62
model_ctr_app_level1,393
nt_ctr_app_level1,346
time_ctr_app_level1,385
ctr_app_level2,720
sex_ctr_app_level2,815
age_ctr_app_level2,318
loc_ctr_app_level2,788
model_ctr_app_level2,654
nt_ctr_app_level2,580
time_ctr_app_level2,695
ctr_game_level1,1144
sex_ctr_game_level1,1244
age_ctr_game_level1,397
loc_ctr_game_level1,1268
model_ctr_game_level1,255
nt_ctr_game_level1,250
time_ctr_game_level1,199
ctr_game_level2,438
sex_ctr_game_level2,527
age_ctr_game_level2,402
loc_ctr_game_level2,489
model_ctr_game_level2,118
nt_ctr_game_level2,135
time_ctr_game_level2,128
user_app_rec,271
interval_with_last,305
user_visit_video_times,119
user_basic_continued0,293
user_basic_continued1,223
user_basic_continued2,133
user_basic_continued3,182
user_basic_continued4,434
user_basic_continued5,452
user_basic_continued6,192
user_basic_continued7,461
user_basic_continued8,272
user_basic_continued9,224
user_basic_continued10,215
user_basic_continued11,482
user_basic_continued12,563
user_basic_continued13,284
user_basic_continued14,524
user_basic_continued15,22
user_basic_continued16,55
user_basic_continued17,41
user_basic_continued18,101
user_basic_continued19,113
user_basic_continued20,48
user_basic_continued21,80
user_basic_continued22,47
user_basic_continued23,41
user_basic_continued24,39
user_basic_continued25,71
user_basic_continued26,102
user_basic_continued27,61
user_basic_continued28,96
user_basic_continued29,515
user_basic_continued30,3010
user_basic_continued31,408
user_basic_continued32,49
user_basic_continued33,65
user_basic_continued34,38
user_basic_continued35,749
user_basic_continued36,593
user_basic_continued37,0
user_basic_continued38,336
user_basic_continued39,114
user_basic_continued40,49
user_basic_continued41,273
user_basic_continued42,79
user_basic_continued43,0
user_basic_continued44,30
user_basic_continued45,206
user_basic_continued46,147
user_basic_continued47,18
user_basic_continued48,214
user_basic_continued49,231
user_basic_continued50,39
user_basic_continued51,43
user_basic_continued52,254
user_basic_continued53,46
user_basic_continued54,0
user_basic_continued55,139
user_basic_continued56,84
user_basic_continued57,37
user_basic_continued58,229
user_basic_continued59,57
user_basic_continued60,165
user_basic_continued61,0
user_basic_continued62,379
user_basic_continued63,56
user_basic_continued64,40
user_basic_continued65,32
user_basic_continued66,0
user_basic_continued67,52
user_basic_continued68,70
user_basic_continued69,325
user_basic_continued70,31
user_basic_continued71,202
user_basic_continued72,691
user_basic_continued73,1286
user_basic_continued74,865
user_basic_continued75,370
user_basic_continued76,298
user_basic_continued77,689
user_basic_continued78,458
user_basic_continued79,97
user_basic_continued80,0
user_basic_continued81,0
user_basic_continued82,0
user_basic_continued83,88
user_basic_continued84,0
user_basic_continued85,482
user_basic_continued86,0
user_basic_continued87,201
user_basic_continued88,1131
user_basic_continued89,131
user_basic_continued90,103
user_basic_continued91,57
user_basic_continued92,32
user_basic_continued93,54
user_basic_continued94,41
user_basic_continued95,23
user_basic_continued96,14
user_basic_continued97,23
user_basic_continued98,8
user_basic_continued99,19
user_basic_continued100,36
user_basic_continued101,19
user_basic_continued102,7
user_basic_continued103,19
user_basic_continued104,8
user_basic_continued105,25
user_basic_continued106,10
user_basic_continued107,36
user_basic_continued108,19
user_basic_continued109,1
user_basic_continued110,27
user_basic_continued111,18
user_basic_continued112,7
user_basic_continued113,12
user_basic_continued114,1128
user_basic_continued115,809
user_basic_continued116,948
user_basic_continued117,961
user_basic_continued118,529
user_basic_continued119,821
user_basic_continued120,888
user_basic_continued121,737
user_basic_continued122,904
user_basic_continued123,829
user_basic_continued124,735
user_basic_continued125,304
user_basic_continued126,1126
user_basic_continued127,1155
user_basic_continued128,1242
user_basic_continued129,550
user_basic_continued130,184
user_basic_continued131,935
user_basic_continued132,894
user_basic_continued133,707
user_basic_continued134,270
user_basic_continued135,260
user_basic_continued136,1037
user_basic_continued137,503
user_basic_continued138,469
user_basic_continued139,872
user_basic_continued140,92
user_basic_continued141,0
user_basic_continued142,1508
user_basic_continued143,241
user_basic_continued144,76
user_basic_continued145,17
user_basic_continued146,76
user_basic_continued147,29
user_basic_continued148,124
user_basic_continued149,1058
user_basic_continued150,1087
user_basic_continued151,302
user_basic_continued152,234
user_basic_continued153,64
user_basic_continued154,463
user_basic_continued155,214
user_basic_continued156,1105
user_basic_continued157,145
user_basic_continued158,123
user_basic_continued159,189
user_basic_continued160,930
user_basic_continued161,265
user_basic_continued162,379
user_basic_continued163,132
user_basic_continued164,98
user_basic_continued165,259
user_basic_continued166,198
user_basic_continued167,92
user_basic_continued168,176
user_basic_continued169,539
user_basic_continued170,167
user_basic_continued171,139
user_basic_continued172,94
user_basic_continued173,39
user_basic_continued174,83
user_basic_continued175,714
user_basic_continued176,82
user_basic_continued177,402
user_basic_continued178,874
user_basic_continued179,6
user_basic_continued180,811
user_basic_continued181,43
user_basic_continued182,738
user_basic_continued183,235
user_basic_continued184,142
user_basic_continued185,17
user_basic_continued186,715
user_basic_continued187,390
user_basic_continued188,161
user_basic_continued189,299
user_basic_continued190,344
user_basic_continued191,181
user_basic_continued192,176
user_basic_continued193,151
user_basic_continued194,243
user_basic_continued195,217
user_basic_continued196,47
user_basic_continued197,191
user_basic_continued198,163
user_basic_continued199,74
user_basic_continued200,907
user_basic_continued201,440
user_basic_continued202,236
user_basic_continued203,173
user_basic_continued204,55
user_basic_continued205,209
user_basic_continued206,364
user_basic_continued207,248
user_basic_continued208,231
user_basic_continued209,331
user_basic_continued210,135
user_basic_continued211,86
user_basic_continued212,370
user_basic_continued213,333
user_basic_continued214,260
user_basic_continued215,235
user_basic_continued216,754
user_basic_continued217,586
user_basic_continued218,174
user_basic_continued219,156
user_basic_continued220,102
user_basic_continued221,100
user_basic_continued222,85
user_basic_continued223,44
user_basic_continued224,6
user_basic_continued225,55
user_basic_continued226,277
user_basic_continued227,282
user_basic_continued228,139
user_basic_continued229,255
user_basic_continued230,246
user_basic_continued231,201
user_basic_continued232,154
user_basic_continued233,116
user_basic_continued234,288
user_basic_continued235,94
user_basic_continued236,126
user_basic_continued237,26
user_basic_continued238,165
user_basic_continued239,110
user_basic_continued240,133
user_basic_continued241,202
user_basic_continued242,150
user_news_stat_info0,53
user_news_stat_info1,239
user_news_stat_info2,14
user_news_stat_info3,133
user_news_stat_info4,54
user_news_stat_info5,17
user_news_stat_info6,36
user_news_stat_info7,18
user_news_stat_info8,39
user_news_stat_info9,55
user_real_news_category0,70
user_real_news_category1,51
user_real_news_category2,219
user_real_news_category3,66
user_real_news_category4,39
user_real_news_category5,121
user_real_news_category6,145
user_real_news_category7,108
user_real_news_category8,140
user_real_news_category9,192
user_real_news_category10,110
user_real_news_category11,199
user_real_news_category12,49
user_real_news_category13,180
user_real_news_category14,125
user_real_news_category15,29
user_real_news_category16,155
user_real_news_category17,104
user_real_news_category18,105
user_real_news_category19,26
user_real_news_subcategory0,65
user_real_news_subcategory1,22
user_real_news_subcategory2,1735
user_real_news_subcategory3,4542
user_real_news_subcategory4,1169
user_real_news_subcategory5,1901
user_real_news_subcategory6,0
user_real_news_subcategory7,0
user_real_news_subcategory8,0
user_real_news_subcategory9,0
user_real_news_subcategory10,0
user_real_news_subcategory11,0
user_real_news_subcategory12,0
user_real_news_subcategory13,670
user_real_news_subcategory14,533
user_real_news_subcategory15,820
user_real_news_subcategory16,889
user_real_news_subcategory17,603
user_real_news_subcategory18,866
user_real_news_subcategory19,669
user_real_news_subcategory20,511
user_real_news_subcategory21,1041
user_real_news_subcategory22,717
user_real_news_subcategory23,819
user_real_news_subcategory24,708
user_real_news_subcategory25,755
user_real_news_subcategory26,1205
user_real_news_subcategory27,723
user_real_news_subcategory28,1018
user_real_news_subcategory29,535
user_real_news_subcategory30,786
user_real_news_subcategory31,854
user_real_news_subcategory32,0
user_real_news_subcategory33,27
user_real_news_subcategory34,34
user_real_news_subcategory35,30
user_real_news_subcategory36,78
user_real_news_subcategory37,171
user_real_news_subcategory38,130
user_real_news_subcategory39,30
user_real_news_subcategory40,31
user_real_news_subcategory41,653
user_real_news_subcategory42,367
user_real_news_subcategory43,492
user_real_news_subcategory44,361
user_real_news_subcategory45,523
user_real_news_subcategory46,267
user_real_news_subcategory47,228
user_real_news_subcategory48,542
user_real_news_subcategory49,319
user_real_news_subcategory50,494
user_real_news_subcategory51,566
user_real_news_subcategory52,541
user_real_news_subcategory53,331
user_real_news_subcategory54,406
user_real_news_subcategory55,373
user_real_news_subcategory56,419
user_real_news_subcategory57,774
user_real_news_subcategory58,659
user_real_news_subcategory59,461
user_real_news_subcategory60,556
user_real_news_subcategory61,421
user_real_news_subcategory62,518
user_real_news_subcategory63,559
user_real_news_subcategory64,611
user_real_news_subcategory65,510
user_real_news_subcategory66,461
user_real_news_subcategory67,499
user_real_news_subcategory68,653
user_real_news_subcategory69,746
user_real_news_subcategory70,368
user_real_news_subcategory71,552
user_real_news_subcategory72,540
user_real_news_subcategory73,549
user_real_news_subcategory74,447
user_real_news_subcategory75,314
user_real_news_subcategory76,638
user_real_news_subcategory77,667
user_real_news_subcategory78,490
user_real_news_subcategory79,516
user_real_news_subcategory80,674
user_real_news_subcategory81,428
user_real_news_subcategory82,310
user_real_news_subcategory83,413
user_real_news_subcategory84,536
user_real_news_subcategory85,490
user_real_news_subcategory86,366
user_real_news_subcategory87,561
user_real_news_subcategory88,610
user_real_news_subcategory89,222
user_real_news_subcategory90,441
user_real_news_subcategory91,387
user_real_news_subcategory92,323
user_real_news_subcategory93,370
user_real_news_subcategory94,407
user_real_news_subcategory95,412
user_real_news_subcategory96,0
user_real_news_subcategory97,692
user_real_news_subcategory98,1013
user_real_news_subcategory99,673
user_real_news_subcategory100,694
user_real_news_subcategory101,380
user_real_news_subcategory102,453
user_real_news_subcategory103,461
user_real_news_subcategory104,397
user_real_news_subcategory105,567
user_real_news_subcategory106,465
user_real_news_subcategory107,550
user_real_news_subcategory108,598
user_real_news_subcategory109,447
user_real_news_subcategory110,313
user_real_news_subcategory111,586
user_real_news_subcategory112,492
user_real_news_subcategory113,726
user_real_news_subcategory114,448
user_real_news_subcategory115,621
user_real_news_subcategory116,563
user_real_news_subcategory117,350
user_real_news_subcategory118,322
user_real_news_subcategory119,551
user_real_news_subcategory120,480
user_real_news_subcategory121,517
user_real_news_subcategory122,604
user_real_news_subcategory123,607
user_real_news_subcategory124,419
user_real_news_subcategory125,658
user_real_news_subcategory126,433
user_real_news_subcategory127,534
user_real_news_subcategory128,455
user_real_news_subcategory129,531
user_real_news_subcategory130,783
user_real_news_subcategory131,628
user_real_news_subcategory132,448
user_real_news_subcategory133,452
user_real_news_subcategory134,1025
user_real_news_subcategory135,850
user_long_news_category0,958
user_long_news_category1,828
user_long_news_category2,698
user_long_news_category3,598
user_long_news_category4,628
user_long_news_category5,285
user_long_news_category6,384
user_long_news_category7,436
user_long_news_category8,345
user_long_news_category9,251
user_long_news_category10,508
user_long_news_category11,598
user_long_news_category12,611
user_long_news_category13,549
user_long_news_category14,643
user_long_news_category15,566
user_long_news_category16,707
user_long_news_category17,630
user_long_news_category18,882
user_long_news_category19,538
user_long_news_subcategory0,455
user_long_news_subcategory1,399
user_long_news_subcategory2,500
user_long_news_subcategory3,347
user_long_news_subcategory4,654
user_long_news_subcategory5,507
user_long_news_subcategory6,539
user_long_news_subcategory7,641
user_long_news_subcategory8,718
user_long_news_subcategory9,804
user_long_news_subcategory10,726
user_long_news_subcategory11,671
user_long_news_subcategory12,527
user_long_news_subcategory13,588
user_long_news_subcategory14,465
user_long_news_subcategory15,416
user_long_news_subcategory16,528
user_long_news_subcategory17,526
user_long_news_subcategory18,471
user_long_news_subcategory19,530
user_long_news_subcategory20,459
user_long_news_subcategory21,399
user_long_news_subcategory22,565
user_long_news_subcategory23,426
user_long_news_subcategory24,570
user_long_news_subcategory25,477
user_long_news_subcategory26,461
user_long_news_subcategory27,545
user_long_news_subcategory28,501
user_long_news_subcategory29,534
user_long_news_subcategory30,424
user_long_news_subcategory31,463
user_long_news_subcategory32,115
user_long_news_subcategory33,139
user_long_news_subcategory34,169
user_long_news_subcategory35,100
user_long_news_subcategory36,343
user_long_news_subcategory37,301
user_long_news_subcategory38,171
user_long_news_subcategory39,165
user_long_news_subcategory40,138
user_long_news_subcategory41,322
user_long_news_subcategory42,166
user_long_news_subcategory43,271
user_long_news_subcategory44,145
user_long_news_subcategory45,291
user_long_news_subcategory46,95
user_long_news_subcategory47,100
user_long_news_subcategory48,305
user_long_news_subcategory49,149
user_long_news_subcategory50,247
user_long_news_subcategory51,179
user_long_news_subcategory52,262
user_long_news_subcategory53,125
user_long_news_subcategory54,104
user_long_news_subcategory55,133
user_long_news_subcategory56,104
user_long_news_subcategory57,439
user_long_news_subcategory58,257
user_long_news_subcategory59,194
user_long_news_subcategory60,282
user_long_news_subcategory61,228
user_long_news_subcategory62,146
user_long_news_subcategory63,222
user_long_news_subcategory64,258
user_long_news_subcategory65,192
user_long_news_subcategory66,147
user_long_news_subcategory67,157
user_long_news_subcategory68,390
user_long_news_subcategory69,371
user_long_news_subcategory70,102
user_long_news_subcategory71,257
user_long_news_subcategory72,287
user_long_news_subcategory73,260
user_long_news_subcategory74,149
user_long_news_subcategory75,101
user_long_news_subcategory76,320
user_long_news_subcategory77,318
user_long_news_subcategory78,179
user_long_news_subcategory79,263
user_long_news_subcategory80,334
user_long_news_subcategory81,197
user_long_news_subcategory82,163
user_long_news_subcategory83,141
user_long_news_subcategory84,151
user_long_news_subcategory85,168
user_long_news_subcategory86,81
user_long_news_subcategory87,227
user_long_news_subcategory88,279
user_long_news_subcategory89,56
user_long_news_subcategory90,172
user_long_news_subcategory91,129
user_long_news_subcategory92,93
user_long_news_subcategory93,166
user_long_news_subcategory94,200
user_long_news_subcategory95,210
user_long_news_subcategory96,0
user_long_news_subcategory97,407
user_long_news_subcategory98,456
user_long_news_subcategory99,343
user_long_news_subcategory100,149
user_long_news_subcategory101,116
user_long_news_subcategory102,148
user_long_news_subcategory103,202
user_long_news_subcategory104,98
user_long_news_subcategory105,246
user_long_news_subcategory106,175
user_long_news_subcategory107,228
user_long_news_subcategory108,257
user_long_news_subcategory109,203
user_long_news_subcategory110,98
user_long_news_subcategory111,332
user_long_news_subcategory112,133
user_long_news_subcategory113,378
user_long_news_subcategory114,167
user_long_news_subcategory115,344
user_long_news_subcategory116,239
user_long_news_subcategory117,60
user_long_news_subcategory118,93
user_long_news_subcategory119,282
user_long_news_subcategory120,137
user_long_news_subcategory121,194
user_long_news_subcategory122,188
user_long_news_subcategory123,230
user_long_news_subcategory124,100
user_long_news_subcategory125,342
user_long_news_subcategory126,189
user_long_news_subcategory127,198
user_long_news_subcategory128,89
user_long_news_subcategory129,152
user_long_news_subcategory130,324
user_long_news_subcategory131,236
user_long_news_subcategory132,29
user_long_news_subcategory133,133
user_long_news_subcategory134,482
user_long_news_subcategory135,495
user_short_news_category0,516
user_short_news_category1,379
user_short_news_category2,301
user_short_news_category3,265
user_short_news_category4,358
user_short_news_category5,136
user_short_news_category6,179
user_short_news_category7,189
user_short_news_category8,72
user_short_news_category9,63
user_short_news_category10,203
user_short_news_category11,296
user_short_news_category12,278
user_short_news_category13,182
user_short_news_category14,296
user_short_news_category15,234
user_short_news_category16,305
user_short_news_category17,302
user_short_news_category18,474
user_short_news_category19,354
user_short_news_subcategory0,191
user_short_news_subcategory1,115
user_short_news_subcategory2,227
user_short_news_subcategory3,77
user_short_news_subcategory4,361
user_short_news_subcategory5,85
user_short_news_subcategory6,179
user_short_news_subcategory7,203
user_short_news_subcategory8,381
user_short_news_subcategory9,314
user_short_news_subcategory10,328
user_short_news_subcategory11,292
user_short_news_subcategory12,584
user_short_news_subcategory13,645
user_short_news_subcategory14,462
user_short_news_subcategory15,521
user_short_news_subcategory16,647
user_short_news_subcategory17,469
user_short_news_subcategory18,502
user_short_news_subcategory19,537
user_short_news_subcategory20,373
user_short_news_subcategory21,507
user_short_news_subcategory22,554
user_short_news_subcategory23,502
user_short_news_subcategory24,529
user_short_news_subcategory25,592
user_short_news_subcategory26,538
user_short_news_subcategory27,557
user_short_news_subcategory28,609
user_short_news_subcategory29,481
user_short_news_subcategory30,518
user_short_news_subcategory31,539
user_short_news_subcategory32,177
user_short_news_subcategory33,139
user_short_news_subcategory34,230
user_short_news_subcategory35,92
user_short_news_subcategory36,360
user_short_news_subcategory37,360
user_short_news_subcategory38,183
user_short_news_subcategory39,165
user_short_news_subcategory40,150
user_short_news_subcategory41,377
user_short_news_subcategory42,128
user_short_news_subcategory43,226
user_short_news_subcategory44,89
user_short_news_subcategory45,247
user_short_news_subcategory46,66
user_short_news_subcategory47,90
user_short_news_subcategory48,278
user_short_news_subcategory49,150
user_short_news_subcategory50,217
user_short_news_subcategory51,184
user_short_news_subcategory52,272
user_short_news_subcategory53,118
user_short_news_subcategory54,84
user_short_news_subcategory55,93
user_short_news_subcategory56,137
user_short_news_subcategory57,449
user_short_news_subcategory58,227
user_short_news_subcategory59,164
user_short_news_subcategory60,226
user_short_news_subcategory61,184
user_short_news_subcategory62,166
user_short_news_subcategory63,246
user_short_news_subcategory64,186
user_short_news_subcategory65,207
user_short_news_subcategory66,134
user_short_news_subcategory67,252
user_short_news_subcategory68,425
user_short_news_subcategory69,380
user_short_news_subcategory70,83
user_short_news_subcategory71,265
user_short_news_subcategory72,254
user_short_news_subcategory73,258
user_short_news_subcategory74,132
user_short_news_subcategory75,81
user_short_news_subcategory76,342
user_short_news_subcategory77,286
user_short_news_subcategory78,165
user_short_news_subcategory79,301
user_short_news_subcategory80,351
user_short_news_subcategory81,188
user_short_news_subcategory82,158
user_short_news_subcategory83,161
user_short_news_subcategory84,143
user_short_news_subcategory85,181
user_short_news_subcategory86,141
user_short_news_subcategory87,191
user_short_news_subcategory88,296
user_short_news_subcategory89,37
user_short_news_subcategory90,183
user_short_news_subcategory91,163
user_short_news_subcategory92,116
user_short_news_subcategory93,156
user_short_news_subcategory94,174
user_short_news_subcategory95,177
user_short_news_subcategory96,0
user_short_news_subcategory97,390
user_short_news_subcategory98,504
user_short_news_subcategory99,360
user_short_news_subcategory100,137
user_short_news_subcategory101,114
user_short_news_subcategory102,185
user_short_news_subcategory103,190
user_short_news_subcategory104,125
user_short_news_subcategory105,218
user_short_news_subcategory106,207
user_short_news_subcategory107,278
user_short_news_subcategory108,225
user_short_news_subcategory109,230
user_short_news_subcategory110,73
user_short_news_subcategory111,338
user_short_news_subcategory112,132
user_short_news_subcategory113,442
user_short_news_subcategory114,180
user_short_news_subcategory115,366
user_short_news_subcategory116,233
user_short_news_subcategory117,59
user_short_news_subcategory118,108
user_short_news_subcategory119,272
user_short_news_subcategory120,145
user_short_news_subcategory121,157
user_short_news_subcategory122,192
user_short_news_subcategory123,202
user_short_news_subcategory124,126
user_short_news_subcategory125,345
user_short_news_subcategory126,202
user_short_news_subcategory127,202
user_short_news_subcategory128,63
user_short_news_subcategory129,189
user_short_news_subcategory130,349
user_short_news_subcategory131,223
user_short_news_subcategory132,32
user_short_news_subcategory133,120
user_short_news_subcategory134,555
user_short_news_subcategory135,518
user_query_intention0,462
user_query_intention1,377
user_query_intention2,316
user_query_intention3,265
user_query_intention4,360
user_query_intention5,155
user_query_intention6,152
user_query_intention7,167
user_query_intention8,73
user_query_intention9,59
user_query_intention10,168
user_query_intention11,293
user_query_intention12,257
user_query_intention13,184
user_query_intention14,276
user_query_intention15,228
user_app_install_sim0,347
user_app_install_sim1,292
user_app_install_sim2,430
user_app_install_sim3,277
user_app_down_sim0,177
user_app_down_sim1,117
user_app_down_sim2,261
user_app_down_sim3,75
user_app_down_sim4,368
user_app_down_sim5,131
user_app_down_sim6,188
user_app_down_sim7,216
user_app_down_sim8,356
user_app_down_sim9,344
user_app_down_sim10,297
user_app_down_sim11,233
user_app_down_sim12,1205
user_app_down_sim13,1067
user_app_down_sim14,1122
user_app_down_sim15,1210
app_basic_continued0,1197
app_basic_continued1,1091
app_basic_continued2,1227
app_basic_continued3,1163
app_basic_continued4,1103
app_basic_continued5,1071
ads_image_pca320,1114
ads_image_pca321,1194
ads_image_pca322,1066
ads_image_pca323,1184
ads_image_pca324,1119
ads_image_pca325,1219
ads_image_pca326,395
ads_image_pca327,542
ads_image_pca328,193
ads_image_pca329,137
ads_image_pca3210,143
ads_image_pca3211,133
ads_image_pca3212,47
ads_image_pca3213,15
ads_image_pca3214,2
ads_image_pca3215,12
ads_image_pca3216,107
ads_image_pca3217,16
ads_image_pca3218,41
ads_image_pca3219,33
ads_image_pca3220,21
ads_image_pca3221,5
ads_image_pca3222,7
ads_image_pca3223,3
ads_image_pca3224,42
ads_image_pca3225,8
ads_image_pca3226,180
ads_image_pca3227,0
ads_image_pca3228,292
ads_image_pca3229,0
ads_image_pca3230,92
ads_image_pca3231,1
ad_sex_cover_rate0,254
ad_sex_cover_rate1,201
ad_age_cover_rate0,211
ad_age_cover_rate1,161
ad_age_cover_rate2,319
ad_age_cover_rate3,205
ad_age_cover_rate4,241
ad_age_cover_rate5,228
ad_region_cover_rate0,205
ad_region_cover_rate1,282
ad_region_cover_rate2,282
ad_region_cover_rate3,240
ad_region_cover_rate4,227
ad_region_cover_rate5,204
ad_region_cover_rate6,150
ad_prvn_cover_rate0,174
ad_prvn_cover_rate1,169
ad_prvn_cover_rate2,246
ad_prvn_cover_rate3,199
ad_prvn_cover_rate4,218
ad_prvn_cover_rate5,231
ad_prvn_cover_rate6,263
ad_prvn_cover_rate7,253
ad_prvn_cover_rate8,211
ad_prvn_cover_rate9,248
ad_prvn_cover_rate10,238
ad_prvn_cover_rate11,238
ad_prvn_cover_rate12,240
ad_prvn_cover_rate13,246
ad_prvn_cover_rate14,312
ad_prvn_cover_rate15,245
ad_prvn_cover_rate16,292
ad_prvn_cover_rate17,123
ad_prvn_cover_rate18,98
ad_prvn_cover_rate19,56
ad_prvn_cover_rate20,43
ad_prvn_cover_rate21,100
ad_prvn_cover_rate22,84
ad_prvn_cover_rate23,158
ad_prvn_cover_rate24,97
ad_prvn_cover_rate25,28
ad_prvn_cover_rate26,24
ad_prvn_cover_rate27,20
ad_prvn_cover_rate28,58
ad_prvn_cover_rate29,17
ad_prvn_cover_rate30,12
ad_prvn_cover_rate31,24
ad_prvn_cover_rate32,118
ad_prvn_cover_rate33,38
ad_city_grade_cover_rate0,36
ad_city_grade_cover_rate1,35
ad_city_grade_cover_rate2,35
ad_city_grade_cover_rate3,59
ad_city_grade_cover_rate4,23
ad_city_grade_cover_rate5,34
ad_sex_dur0,24
ad_sex_dur1,25
ad_age_dur0,14
ad_age_dur1,107
ad_age_dur2,40
ad_age_dur3,38
ad_age_dur4,37
ad_age_dur5,61
ad_region_dur0,38
ad_region_dur1,49
ad_region_dur2,49
ad_region_dur3,30
ad_region_dur4,52
ad_region_dur5,53
ad_region_dur6,97
ad_prvn_dur0,39
ad_prvn_dur1,66
ad_prvn_dur2,69
ad_prvn_dur3,71
ad_prvn_dur4,59
ad_prvn_dur5,96
ad_prvn_dur6,74
ad_prvn_dur7,89
ad_prvn_dur8,70
ad_prvn_dur9,21
ad_prvn_dur10,39
ad_prvn_dur11,75
ad_prvn_dur12,34
ad_prvn_dur13,18
ad_prvn_dur14,6
ad_prvn_dur15,10
ad_prvn_dur16,21
ad_prvn_dur17,187
ad_prvn_dur18,106
ad_prvn_dur19,95
ad_prvn_dur20,89
ad_prvn_dur21,170
ad_prvn_dur22,197
ad_prvn_dur23,157
ad_prvn_dur24,132
ad_prvn_dur25,205
ad_prvn_dur26,121
ad_prvn_dur27,114
ad_prvn_dur28,206
ad_prvn_dur29,127
ad_prvn_dur30,153
ad_prvn_dur31,82
ad_prvn_dur32,148
ad_prvn_dur33,118
ad_city_grade_dur0,103
ad_city_grade_dur1,108
ad_city_grade_dur2,154
ad_city_grade_dur3,133
ad_city_grade_dur4,135
ad_city_grade_dur5,145
ad_time_dur0,139
ad_time_dur1,142
ad_time_dur2,77
ad_time_dur3,134
ad_time_dur4,169
ad_time_dur5,143
ad_time_dur6,182
ad_time_dur7,165
ad_time_dur8,102
ad_time_dur9,148
ad_time_dur10,145
ad_time_dur11,208
ad_time_dur12,142
ad_time_dur13,133
ad_time_dur14,174
ad_time_dur15,162
ad_time_dur16,177
ad_time_dur17,110
ad_time_dur18,157
ad_time_dur19,148
ad_time_dur20,116
ad_time_dur21,134
ad_time_dur22,163
ad_time_dur23,109
user_browser_news_keyword0,87
user_browser_news_keyword1,145
user_browser_news_keyword2,160
user_browser_news_keyword3,146
user_browser_news_keyword4,175
user_browser_news_keyword5,141
user_browser_news_keyword6,65
user_browser_news_keyword7,94
user_browser_news_keyword8,158
user_browser_news_keyword9,156
user_browser_news_keyword10,148
user_browser_news_keyword11,166
user_browser_news_keyword12,133
user_browser_news_keyword13,155
user_browser_news_keyword14,180
user_browser_news_keyword15,177
user_browser_news_keyword16,185
user_browser_news_keyword17,181
user_browser_news_keyword18,162
user_browser_news_keyword19,171
user_browser_news_keyword20,189
user_browser_news_keyword21,183
user_browser_news_keyword22,130
user_browser_news_keyword23,177
user_browser_news_keyword24,154
user_browser_news_keyword25,158
user_browser_news_keyword26,126
user_browser_news_keyword27,110
user_browser_news_keyword28,168
user_browser_news_keyword29,153
user_browser_news_keyword30,205
user_browser_news_keyword31,173
user_browser_news_keyword32,1073
user_browser_news_keyword33,1035
user_browser_news_keyword34,789
user_browser_news_keyword35,877
user_browser_news_keyword36,794
user_browser_news_keyword37,810
user_browser_news_keyword38,837
user_browser_news_keyword39,972
user_browser_news_keyword40,868
user_browser_news_keyword41,879
user_browser_news_keyword42,786
user_browser_news_keyword43,867
user_browser_news_keyword44,922
user_browser_news_keyword45,971
user_browser_news_keyword46,746
user_browser_news_keyword47,982
user_browser_news_keyword48,845
user_browser_news_keyword49,678
user_browser_news_keyword50,879
user_browser_news_keyword51,809
user_browser_news_keyword52,952
user_browser_news_keyword53,830
user_browser_news_keyword54,952
user_browser_news_keyword55,920
user_browser_news_keyword56,1077
user_browser_news_keyword57,848
user_browser_news_keyword58,905
user_browser_news_keyword59,966
user_browser_news_keyword60,918
user_browser_news_keyword61,848
user_browser_news_keyword62,959
user_browser_news_keyword63,980
user_browser_news_keyword64,937
user_browser_news_keyword65,972
user_browser_news_keyword66,854
user_browser_news_keyword67,980
user_browser_news_keyword68,892
user_browser_news_keyword69,858
user_browser_news_keyword70,976
user_browser_news_keyword71,964
user_browser_news_keyword72,839
user_browser_news_keyword73,929
user_browser_news_keyword74,881
user_browser_news_keyword75,931
user_browser_news_keyword76,765
user_browser_news_keyword77,822
user_browser_news_keyword78,919
user_browser_news_keyword79,814
user_browser_news_keyword80,983
user_browser_news_keyword81,1001
user_browser_news_keyword82,940
user_browser_news_keyword83,988
user_browser_news_keyword84,959
user_browser_news_keyword85,752
user_browser_news_keyword86,987
user_browser_news_keyword87,912
user_browser_news_keyword88,869
user_browser_news_keyword89,926
user_browser_news_keyword90,940
user_browser_news_keyword91,965
user_browser_news_keyword92,812
user_browser_news_keyword93,959
user_browser_news_keyword94,902
user_browser_news_keyword95,898
user_browser_news_keyword96,923
user_browser_news_keyword97,747
user_browser_news_keyword98,911
user_browser_news_keyword99,932
user_browser_news_keyword100,945
user_browser_news_keyword101,942
user_browser_news_keyword102,953
user_browser_news_keyword103,932
user_browser_news_keyword104,909
user_browser_news_keyword105,1048
user_browser_news_keyword106,874
user_browser_news_keyword107,970
user_browser_news_keyword108,844
user_browser_news_keyword109,835
user_browser_news_keyword110,994
user_browser_news_keyword111,832
user_browser_news_keyword112,878
user_browser_news_keyword113,931
user_browser_news_keyword114,971
user_browser_news_keyword115,1046
user_browser_news_keyword116,1013
user_browser_news_keyword117,929
user_browser_news_keyword118,1080
user_browser_news_keyword119,977
user_browser_news_keyword120,1014
user_browser_news_keyword121,835
user_browser_news_keyword122,1007
user_browser_news_keyword123,925
user_browser_news_keyword124,992
user_browser_news_keyword125,987
user_browser_news_keyword126,882
user_browser_news_keyword127,1027
user_browser_news_keyword128,1035
user_browser_news_keyword129,1001
user_browser_news_keyword130,964
user_browser_news_keyword131,941
user_browser_news_keyword132,906
user_browser_news_keyword133,881
user_browser_news_keyword134,1031
user_browser_news_keyword135,896
user_browser_news_keyword136,861
user_browser_news_keyword137,974
user_browser_news_keyword138,904
user_browser_news_keyword139,906
user_browser_news_keyword140,869
user_browser_news_keyword141,1020
user_browser_news_keyword142,966
user_browser_news_keyword143,801
user_browser_news_keyword144,998
user_browser_news_keyword145,804
user_browser_news_keyword146,810
user_browser_news_keyword147,764
user_browser_news_keyword148,889
user_browser_news_keyword149,943
user_browser_news_keyword150,855
user_browser_news_keyword151,918
user_browser_news_keyword152,976
user_browser_news_keyword153,984
user_browser_news_keyword154,947
user_browser_news_keyword155,911
user_browser_news_keyword156,918
user_browser_news_keyword157,816
user_browser_news_keyword158,965
user_browser_news_keyword159,836
user_browser_news_keyword160,989
user_browser_news_keyword161,887
user_browser_news_keyword162,987
user_browser_news_keyword163,799
user_browser_news_keyword164,807
user_browser_news_keyword165,851
user_browser_news_keyword166,851
user_browser_news_keyword167,896
user_browser_news_keyword168,942
user_browser_news_keyword169,934
user_browser_news_keyword170,937
user_browser_news_keyword171,988
user_browser_news_keyword172,859
user_browser_news_keyword173,870
user_browser_news_keyword174,927
user_browser_news_keyword175,1036
user_browser_news_keyword176,886
user_browser_news_keyword177,1007
user_browser_news_keyword178,840
user_browser_news_keyword179,981
user_browser_news_keyword180,919
user_browser_news_keyword181,910
user_browser_news_keyword182,949
user_browser_news_keyword183,834
user_browser_news_keyword184,987
user_browser_news_keyword185,852
user_browser_news_keyword186,973
user_browser_news_keyword187,896
user_browser_news_keyword188,874
user_browser_news_keyword189,960
user_browser_news_keyword190,838
user_browser_news_keyword191,984
user_browser_news_keyword192,952
user_browser_news_keyword193,944
user_browser_news_keyword194,947
user_browser_news_keyword195,848
user_browser_news_keyword196,943
user_browser_news_keyword197,901
user_browser_news_keyword198,967
user_browser_news_keyword199,871
user_browser_news_keyword200,903
user_browser_news_keyword201,842
user_browser_news_keyword202,940
user_browser_news_keyword203,948
user_browser_news_keyword204,774
user_browser_news_keyword205,949
user_browser_news_keyword206,858
user_browser_news_keyword207,922
user_browser_news_keyword208,802
user_browser_news_keyword209,806
user_browser_news_keyword210,984
user_browser_news_keyword211,961
user_browser_news_keyword212,967
user_browser_news_keyword213,1011
user_browser_news_keyword214,820
user_browser_news_keyword215,885
user_browser_news_keyword216,1041
user_browser_news_keyword217,933
user_browser_news_keyword218,892
user_browser_news_keyword219,908
user_browser_news_keyword220,1027
user_browser_news_keyword221,970
user_browser_news_keyword222,1047
user_browser_news_keyword223,973
user_browser_news_keyword224,979
user_browser_news_keyword225,1025
user_browser_news_keyword226,903
user_browser_news_keyword227,847
user_browser_news_keyword228,973
user_browser_news_keyword229,922
user_browser_news_keyword230,899
user_browser_news_keyword231,841
user_browser_news_keyword232,830
user_browser_news_keyword233,897
user_browser_news_keyword234,888
user_browser_news_keyword235,856
user_browser_news_keyword236,925
user_browser_news_keyword237,890
user_browser_news_keyword238,1016
user_browser_news_keyword239,922
user_browser_news_keyword240,845
user_browser_news_keyword241,794
user_browser_news_keyword242,940
user_browser_news_keyword243,831
user_browser_news_keyword244,976
user_browser_news_keyword245,1005
user_browser_news_keyword246,873
user_browser_news_keyword247,838
user_browser_news_keyword248,841
user_browser_news_keyword249,844
user_browser_news_keyword250,1019
user_browser_news_keyword251,943
user_browser_news_keyword252,976
user_browser_news_keyword253,1030
user_browser_news_keyword254,912
user_browser_news_keyword255,960
user_browser_news_keyword256,833
user_browser_news_keyword257,1016
user_browser_news_keyword258,869
user_browser_news_keyword259,795
user_browser_news_keyword260,872
user_browser_news_keyword261,914
user_browser_news_keyword262,783
user_browser_news_keyword263,993
user_browser_news_keyword264,898
user_browser_news_keyword265,795
user_browser_news_keyword266,919
user_browser_news_keyword267,1079
user_browser_news_keyword268,983
user_browser_news_keyword269,871
user_browser_news_keyword270,1104
user_browser_news_keyword271,893
user_browser_news_keyword272,862
user_browser_news_keyword273,886
user_browser_news_keyword274,942
user_browser_news_keyword275,1043
user_browser_news_keyword276,973
user_browser_news_keyword277,912
user_browser_news_keyword278,805
user_browser_news_keyword279,1097
user_browser_news_keyword280,805
user_browser_news_keyword281,775
user_browser_news_keyword282,977
user_browser_news_keyword283,909
user_browser_news_keyword284,819
user_browser_news_keyword285,818
user_browser_news_keyword286,881
user_browser_news_keyword287,733
user_browser_news_keyword288,805
user_browser_news_keyword289,809
user_browser_news_keyword290,1077
user_browser_news_keyword291,958
user_browser_news_keyword292,909
user_browser_news_keyword293,986
user_browser_news_keyword294,909
user_browser_news_keyword295,788
user_browser_news_keyword296,984
user_browser_news_keyword297,906
user_browser_news_keyword298,851
user_browser_news_keyword299,820
ad_text_title_keyword0,913
ad_text_title_keyword1,933
ad_text_title_keyword2,876
ad_text_title_keyword3,938
ad_text_title_keyword4,903
ad_text_title_keyword5,896
ad_text_title_keyword6,1019
ad_text_title_keyword7,940
ad_text_title_keyword8,889
ad_text_title_keyword9,1027
ad_text_title_keyword10,935
ad_text_title_keyword11,864
ad_text_title_keyword12,865
ad_text_title_keyword13,889
ad_text_title_keyword14,898
ad_text_title_keyword15,916
ad_text_title_keyword16,950
ad_text_title_keyword17,956
ad_text_title_keyword18,777
ad_text_title_keyword19,890
ad_text_title_keyword20,862
ad_text_title_keyword21,934
ad_text_title_keyword22,1056
ad_text_title_keyword23,862
ad_text_title_keyword24,904
ad_text_title_keyword25,947
ad_text_title_keyword26,877
ad_text_title_keyword27,983
ad_text_title_keyword28,850
ad_text_title_keyword29,1072
ad_text_title_keyword30,925
ad_text_title_keyword31,903
ad_text_title_keyword32,538
ad_text_title_keyword33,501
ad_text_title_keyword34,477
ad_text_title_keyword35,505
ad_text_title_keyword36,514
ad_text_title_keyword37,504
ad_text_title_keyword38,540
ad_text_title_keyword39,539
ad_text_title_keyword40,544
ad_text_title_keyword41,567
ad_text_title_keyword42,475
ad_text_title_keyword43,483
ad_text_title_keyword44,453
ad_text_title_keyword45,499
ad_text_title_keyword46,494
ad_text_title_keyword47,528
ad_text_title_keyword48,518
ad_text_title_keyword49,556
ad_text_title_keyword50,517
ad_text_title_keyword51,449
ad_text_title_keyword52,506
ad_text_title_keyword53,536
ad_text_title_keyword54,476
ad_text_title_keyword55,469
ad_text_title_keyword56,467
ad_text_title_keyword57,499
ad_text_title_keyword58,454
ad_text_title_keyword59,493
ad_text_title_keyword60,509
ad_text_title_keyword61,539
ad_text_title_keyword62,543
ad_text_title_keyword63,515
ad_text_title_keyword64,463
ad_text_title_keyword65,554
ad_text_title_keyword66,573
ad_text_title_keyword67,538
ad_text_title_keyword68,566
ad_text_title_keyword69,578
ad_text_title_keyword70,496
ad_text_title_keyword71,526
ad_text_title_keyword72,527
ad_text_title_keyword73,504
ad_text_title_keyword74,559
ad_text_title_keyword75,486
ad_text_title_keyword76,505
ad_text_title_keyword77,504
ad_text_title_keyword78,510
ad_text_title_keyword79,520
ad_text_title_keyword80,484
ad_text_title_keyword81,455
ad_text_title_keyword82,516
ad_text_title_keyword83,482
ad_text_title_keyword84,519
ad_text_title_keyword85,543
ad_text_title_keyword86,523
ad_text_title_keyword87,560
ad_text_title_keyword88,560
ad_text_title_keyword89,493
ad_text_title_keyword90,512
ad_text_title_keyword91,600
ad_text_title_keyword92,570
ad_text_title_keyword93,501
ad_text_title_keyword94,486
ad_text_title_keyword95,529
ad_text_title_keyword96,547
ad_text_title_keyword97,500
ad_text_title_keyword98,524
ad_text_title_keyword99,504
ad_text_title_keyword100,530
ad_text_title_keyword101,487
ad_text_title_keyword102,529
ad_text_title_keyword103,478
ad_text_title_keyword104,542
ad_text_title_keyword105,521
ad_text_title_keyword106,548
ad_text_title_keyword107,512
ad_text_title_keyword108,484
ad_text_title_keyword109,495
ad_text_title_keyword110,567
ad_text_title_keyword111,460
ad_text_title_keyword112,593
ad_text_title_keyword113,520
ad_text_title_keyword114,517
ad_text_title_keyword115,502
ad_text_title_keyword116,516
ad_text_title_keyword117,509
ad_text_title_keyword118,523
ad_text_title_keyword119,493
ad_text_title_keyword120,513
ad_text_title_keyword121,497
ad_text_title_keyword122,505
ad_text_title_keyword123,505
ad_text_title_keyword124,529
ad_text_title_keyword125,518
ad_text_title_keyword126,542
ad_text_title_keyword127,530
ad_text_title_keyword128,518
ad_text_title_keyword129,503
ad_text_title_keyword130,412
ad_text_title_keyword131,530
ad_text_title_keyword132,455
ad_text_title_keyword133,536
ad_text_title_keyword134,529
ad_text_title_keyword135,495
ad_text_title_keyword136,540
ad_text_title_keyword137,537
ad_text_title_keyword138,496
ad_text_title_keyword139,507
ad_text_title_keyword140,482
ad_text_title_keyword141,498
ad_text_title_keyword142,440
ad_text_title_keyword143,477
ad_text_title_keyword144,427
ad_text_title_keyword145,535
ad_text_title_keyword146,540
ad_text_title_keyword147,547
ad_text_title_keyword148,500
ad_text_title_keyword149,563
ad_text_title_keyword150,563
ad_text_title_keyword151,484
ad_text_title_keyword152,527
ad_text_title_keyword153,535
ad_text_title_keyword154,554
ad_text_title_keyword155,499
ad_text_title_keyword156,534
ad_text_title_keyword157,503
ad_text_title_keyword158,565
ad_text_title_keyword159,508
ad_text_title_keyword160,541
ad_text_title_keyword161,539
ad_text_title_keyword162,556
ad_text_title_keyword163,483
ad_text_title_keyword164,545
ad_text_title_keyword165,572
ad_text_title_keyword166,483
ad_text_title_keyword167,555
ad_text_title_keyword168,497
ad_text_title_keyword169,457
ad_text_title_keyword170,433
ad_text_title_keyword171,489
ad_text_title_keyword172,542
ad_text_title_keyword173,477
ad_text_title_keyword174,470
ad_text_title_keyword175,553
ad_text_title_keyword176,475
ad_text_title_keyword177,527
ad_text_title_keyword178,541
ad_text_title_keyword179,520
ad_text_title_keyword180,526
ad_text_title_keyword181,541
ad_text_title_keyword182,485
ad_text_title_keyword183,517
ad_text_title_keyword184,542
ad_text_title_keyword185,459
ad_text_title_keyword186,460
ad_text_title_keyword187,472
ad_text_title_keyword188,540
ad_text_title_keyword189,573
ad_text_title_keyword190,479
ad_text_title_keyword191,491
ad_text_title_keyword192,468
ad_text_title_keyword193,539
ad_text_title_keyword194,550
ad_text_title_keyword195,576
ad_text_title_keyword196,526
ad_text_title_keyword197,468
ad_text_title_keyword198,441
ad_text_title_keyword199,479
ad_text_title_keyword200,507
ad_text_title_keyword201,509
ad_text_title_keyword202,484
ad_text_title_keyword203,577
ad_text_title_keyword204,490
ad_text_title_keyword205,486
ad_text_title_keyword206,486
ad_text_title_keyword207,544
ad_text_title_keyword208,451
ad_text_title_keyword209,549
ad_text_title_keyword210,491
ad_text_title_keyword211,496
ad_text_title_keyword212,580
ad_text_title_keyword213,519
ad_text_title_keyword214,425
ad_text_title_keyword215,512
ad_text_title_keyword216,563
ad_text_title_keyword217,569
ad_text_title_keyword218,515
ad_text_title_keyword219,513
ad_text_title_keyword220,538
ad_text_title_keyword221,533
ad_text_title_keyword222,535
ad_text_title_keyword223,530
ad_text_title_keyword224,510
ad_text_title_keyword225,474
ad_text_title_keyword226,499
ad_text_title_keyword227,558
ad_text_title_keyword228,565
ad_text_title_keyword229,513
ad_text_title_keyword230,521
ad_text_title_keyword231,507
ad_text_title_keyword232,461
ad_text_title_keyword233,529
ad_text_title_keyword234,501
ad_text_title_keyword235,590
ad_text_title_keyword236,487
ad_text_title_keyword237,501
ad_text_title_keyword238,454
ad_text_title_keyword239,507
ad_text_title_keyword240,506
ad_text_title_keyword241,504
ad_text_title_keyword242,554
ad_text_title_keyword243,484
ad_text_title_keyword244,496
ad_text_title_keyword245,522
ad_text_title_keyword246,515
ad_text_title_keyword247,545
ad_text_title_keyword248,558
ad_text_title_keyword249,468
ad_text_title_keyword250,460
ad_text_title_keyword251,468
ad_text_title_keyword252,529
ad_text_title_keyword253,544
ad_text_title_keyword254,498
ad_text_title_keyword255,542
ad_text_title_keyword256,488
ad_text_title_keyword257,501
ad_text_title_keyword258,533
ad_text_title_keyword259,485
ad_text_title_keyword260,430
ad_text_title_keyword261,507
ad_text_title_keyword262,474
ad_text_title_keyword263,514
ad_text_title_keyword264,464
ad_text_title_keyword265,446
ad_text_title_keyword266,516
ad_text_title_keyword267,535
ad_text_title_keyword268,558
ad_text_title_keyword269,501
ad_text_title_keyword270,540
ad_text_title_keyword271,535
ad_text_title_keyword272,497
ad_text_title_keyword273,489
ad_text_title_keyword274,534
ad_text_title_keyword275,525
ad_text_title_keyword276,465
ad_text_title_keyword277,534
ad_text_title_keyword278,535
ad_text_title_keyword279,499
ad_text_title_keyword280,494
ad_text_title_keyword281,502
ad_text_title_keyword282,490
ad_text_title_keyword283,530
ad_text_title_keyword284,508
ad_text_title_keyword285,512
ad_text_title_keyword286,540
ad_text_title_keyword287,496
ad_text_title_keyword288,544
ad_text_title_keyword289,531
ad_text_title_keyword290,517
ad_text_title_keyword291,506
ad_text_title_keyword292,471
ad_text_title_keyword293,559
ad_text_title_keyword294,520
ad_text_title_keyword295,547
ad_text_title_keyword296,534
ad_text_title_keyword297,488
ad_text_title_keyword298,541
ad_text_title_keyword299,503
user_app_loan0,551
user_app_loan1,591
user_app_loan2,524
click_adid_size,505
click_adid_hash0,543
click_adid_hash1,528
click_adid_hash2,550
click_adid_hash3,450
click_adid_hash4,507
click_adid_hash5,513
click_adid_hash6,594
click_adid_hash7,484
click_adid_hash8,543
click_adid_hash9,516
click_adid_hash10,474
click_adid_hash11,526
click_adid_hash12,505
click_adid_hash13,541
click_adid_hash14,547
click_adid_hash15,521
click_adid_hash16,532
click_adid_hash17,583
click_adid_hash18,522
click_adid_hash19,520
click_adid_hash20,467
click_adid_hash21,487
click_adid_hash22,490
click_adid_hash23,578
click_adid_hash24,553
click_adid_hash25,474
click_adid_hash26,477
click_adid_hash27,512
click_adid_hash28,70
click_adid_hash29,10
ads_id_new_hash,53
ad_explode_time,1203
